datetime,timestamp_ms,ppm,temperature_c,battery_mv,status
2026-06-01 11:51:55,152190,0.431,28.57,118,1
2026-06-01 11:51:58,155220,-0.683,28.57,118,1
2026-06-01 11:52:01,158250,-0.872,28.56,118,1
2026-06-01 11:52:04,161280,-0.200,28.57,118,1
2026-06-01 11:52:07,164310,-0.305,28.56,118,1
2026-06-01 11:52:10,167340,0.410,28.57,118,1
2026-06-01 11:52:13,170370,0.053,28.57,118,1
2026-06-01 11:52:16,173400,0.368,28.57,118,1
2026-06-01 11:52:19,176430,-0.221,28.57,118,1
2026-06-01 11:52:22,179460,1.313,28.57,117,1
2026-06-01 11:52:25,182490,0.200,28.57,118,1
2026-06-01 11:52:28,185520,0.452,28.57,118,1
2026-06-01 11:52:31,188550,1.229,28.57,118,1
2026-06-01 11:52:34,191580,0.284,28.57,118,1
2026-06-01 11:52:37,194610,-0.221,28.57,118,1
2026-06-01 11:52:40,197640,0.116,28.57,118,1
2026-06-01 11:52:43,200670,-0.557,28.57,118,1
2026-06-01 11:52:46,203700,-0.095,28.57,118,1
2026-06-01 11:52:49,206730,-0.242,28.57,118,1
2026-06-01 11:52:53,209760,-0.893,28.57,118,1
2026-06-01 11:52:56,212790,0.200,28.57,118,1
2026-06-01 11:52:59,215820,-0.242,28.57,118,1
2026-06-01 11:53:02,218850,0.389,28.57,118,1
2026-06-01 11:53:05,221880,0.137,28.56,118,1
2026-06-01 11:53:08,224910,-0.725,28.57,118,1
2026-06-01 11:53:11,227940,-0.031,28.56,117,1
2026-06-01 11:53:14,230970,-0.494,28.57,118,1
2026-06-01 11:53:17,234000,0.977,28.56,117,1
2026-06-01 11:53:20,237030,-0.305,28.56,118,1
2026-06-01 11:53:23,240060,0.473,28.56,118,1
2026-06-01 11:53:26,243090,0.347,28.56,118,1
2026-06-01 11:53:29,246120,-0.494,28.56,118,1
2026-06-01 11:53:32,249150,-0.010,28.56,117,1
2026-06-01 11:53:35,252180,0.179,28.56,118,1
2026-06-01 11:53:38,255210,0.179,28.56,118,1
2026-06-01 11:53:41,258240,-0.347,28.56,118,1
2026-06-01 11:53:44,261270,0.053,28.56,118,1
2026-06-01 11:53:47,264300,0.956,28.56,118,1
2026-06-01 11:53:50,267330,0.074,28.56,118,1
2026-06-01 11:53:53,270360,0.494,28.55,118,1
2026-06-01 11:53:56,273390,0.767,28.55,118,1
2026-06-01 11:53:59,276420,0.536,28.55,118,1
2026-06-01 11:54:02,279450,0.746,28.55,118,1
2026-06-01 11:54:05,282480,-0.116,28.55,117,1
2026-06-01 11:54:08,285510,0.431,28.55,118,1
2026-06-01 11:54:11,288540,0.494,28.54,118,1
2026-06-01 11:54:14,291570,0.158,28.54,118,1
2026-06-01 11:54:17,294600,0.578,28.54,117,1
2026-06-01 11:54:20,297630,-0.347,28.54,118,1
2026-06-01 11:54:23,300660,0.557,28.54,118,1
2026-06-01 11:54:26,303690,-0.010,28.54,118,1
2026-06-01 11:54:29,306720,-0.389,28.54,118,1
2026-06-01 11:54:32,309750,0.326,28.54,118,1
2026-06-01 11:54:36,312780,0.200,28.54,118,1
2026-06-01 11:54:39,315810,0.578,28.54,117,1
2026-06-01 11:54:42,318840,0.662,28.54,118,1
2026-06-01 11:54:45,321870,0.326,28.54,117,1
2026-06-01 11:54:48,324900,0.158,28.53,118,1
2026-06-01 11:54:51,327930,0.956,28.53,118,1
2026-06-01 11:54:54,330960,0.788,28.53,118,1
2026-06-01 11:54:57,333990,0.179,28.53,117,1
2026-06-01 11:55:00,337020,0.578,28.53,117,1
2026-06-01 11:55:03,340050,0.410,28.53,118,1
2026-06-01 11:55:06,343080,0.830,28.53,117,1
2026-06-01 11:55:09,346110,0.158,28.53,118,1
2026-06-01 11:55:12,349140,-0.221,28.52,117,1
2026-06-01 11:55:15,352170,0.200,28.52,118,1
2026-06-01 11:55:18,355200,0.578,28.52,118,1
2026-06-01 11:55:21,358230,0.284,28.53,118,1
2026-06-01 11:55:24,361260,0.263,28.53,118,1
2026-06-01 11:55:27,364290,-0.389,28.52,117,1
2026-06-01 11:55:30,367320,0.599,28.52,118,1
2026-06-01 11:55:33,370350,1.712,28.52,117,1
2026-06-01 11:55:36,373380,-0.095,28.52,117,1
2026-06-01 11:55:39,376410,0.557,28.52,118,1
2026-06-01 11:55:42,379440,-1.082,28.51,118,1
2026-06-01 11:55:45,382470,0.011,28.51,117,1
2026-06-01 11:55:48,385500,0.326,28.52,117,1
2026-06-01 11:55:51,388530,-0.914,28.52,118,1
2026-06-01 11:55:54,391560,-0.263,28.51,117,1
2026-06-01 11:55:57,394590,-0.641,28.51,118,1
2026-06-01 11:56:00,397620,0.263,28.51,118,1
2026-06-01 11:56:03,400650,0.452,28.51,118,1
2026-06-01 11:56:06,403680,0.389,28.51,117,1
2026-06-01 11:56:09,406710,-0.704,28.51,117,1
2026-06-01 11:56:12,409740,0.956,28.51,117,1
2026-06-01 11:56:16,412770,0.116,28.51,117,1
2026-06-01 11:56:19,415800,0.494,28.51,118,1
2026-06-01 11:56:22,418830,0.473,28.51,117,1
2026-06-01 11:56:25,421860,0.053,28.51,118,1
2026-06-01 11:56:28,424890,-0.242,28.50,118,1
2026-06-01 11:56:31,427920,0.011,28.50,117,1
2026-06-01 11:56:34,430950,0.263,28.50,118,1
2026-06-01 11:56:37,433980,0.032,28.50,118,1
2026-06-01 11:56:40,437010,0.683,28.50,118,1
2026-06-01 11:56:43,440040,0.179,28.50,117,1
2026-06-01 11:56:46,443070,-0.010,28.50,118,1
2026-06-01 11:56:49,446100,0.956,28.49,117,1
2026-06-01 11:56:52,449130,-0.179,28.49,117,1
2026-06-01 11:56:55,452160,1.208,28.49,117,1
2026-06-01 11:56:58,455190,0.284,28.49,117,1
2026-06-01 11:57:01,458220,0.431,28.49,117,1
2026-06-01 11:57:04,461250,0.410,28.49,118,1
2026-06-01 11:57:07,464280,-0.137,28.49,118,1
2026-06-01 11:57:10,467310,0.305,28.49,117,1
2026-06-01 11:57:13,470340,0.158,28.49,117,1
2026-06-01 11:57:16,473370,0.242,28.49,118,1
2026-06-01 11:57:19,476400,-0.263,28.48,117,1
2026-06-01 11:57:22,479430,0.662,28.48,118,1
2026-06-01 11:57:25,482460,-0.305,28.49,118,1
2026-06-01 11:57:28,485490,-0.010,28.49,118,1
2026-06-01 11:57:31,488520,-0.494,28.48,118,1
2026-06-01 11:57:34,491550,0.725,28.49,117,1
2026-06-01 11:57:37,494580,-0.031,28.48,118,1
2026-06-01 11:57:40,497610,0.221,28.48,118,1
2026-06-01 11:57:43,500640,0.347,28.48,117,1
2026-06-01 11:57:46,503670,-0.052,28.48,118,1
2026-06-01 11:57:49,506700,0.431,28.48,117,1
2026-06-01 11:57:52,509730,0.053,28.48,118,1
2026-06-01 11:57:56,512760,-0.137,28.48,118,1
2026-06-01 11:57:59,515790,-0.200,28.48,118,1
2026-06-01 11:58:02,518820,0.074,28.48,118,1
2026-06-01 11:58:05,521850,0.998,28.48,117,1
2026-06-01 11:58:08,524880,0.662,28.48,117,1
2026-06-01 11:58:11,527910,0.074,28.48,118,1
2026-06-01 11:58:14,530940,-0.536,28.48,117,1
2026-06-01 11:58:17,533970,0.578,28.48,117,1
2026-06-01 11:58:20,537000,1.019,28.48,117,1
2026-06-01 11:58:23,540030,0.347,28.47,117,1
2026-06-01 11:58:26,543060,0.179,28.48,118,1
2026-06-01 11:58:29,546090,0.200,28.47,118,1
2026-06-01 11:58:32,549120,-0.410,28.47,117,1
2026-06-01 11:58:35,552150,1.292,28.47,117,1
2026-06-01 11:58:38,555180,0.305,28.47,117,1
2026-06-01 11:58:41,558210,-0.031,28.47,117,1
2026-06-01 11:58:44,561240,-0.473,28.47,117,1
2026-06-01 11:58:47,564270,0.536,28.47,117,1
2026-06-01 11:58:50,567300,0.536,28.47,118,1
2026-06-01 11:58:53,570330,0.893,28.47,117,1
2026-06-01 11:58:56,573360,0.053,28.46,117,1
2026-06-01 11:58:59,576390,-0.515,28.46,117,1
2026-06-01 11:59:02,579420,0.662,28.47,118,1
2026-06-01 11:59:05,582450,-0.683,28.47,118,1
2026-06-01 11:59:08,585480,0.620,28.46,118,1
2026-06-01 11:59:11,588510,-0.052,28.46,118,1
2026-06-01 11:59:14,591540,-0.137,28.46,117,1
2026-06-01 11:59:17,594570,0.578,28.46,118,1
2026-06-01 11:59:20,597600,0.011,28.46,118,1
2026-06-01 11:59:23,600630,-0.389,28.46,117,1
2026-06-01 11:59:26,603660,-0.031,28.46,117,1
2026-06-01 11:59:29,606690,0.473,28.46,118,1
2026-06-01 11:59:32,609720,-0.052,28.46,118,1
2026-06-01 11:59:35,612750,-0.914,28.46,118,1
2026-06-01 11:59:39,615780,0.893,28.46,117,1
2026-06-01 11:59:42,618810,0.284,28.46,118,1
2026-06-01 11:59:45,621840,0.095,28.46,117,1
2026-06-01 11:59:48,624870,0.389,28.46,118,1
2026-06-01 11:59:51,627900,0.410,28.46,118,1
2026-06-01 11:59:54,630930,0.473,28.46,118,1
2026-06-01 11:59:57,633960,0.704,28.46,118,1
2026-06-01 12:00:00,636990,0.137,28.46,117,1
2026-06-01 12:00:03,640020,-0.010,28.46,118,1
2026-06-01 12:00:06,643050,-0.263,28.46,117,1
2026-06-01 12:00:09,646080,-0.620,28.46,117,1
2026-06-01 12:00:12,649110,0.116,28.46,118,1
2026-06-01 12:00:15,652140,0.914,28.46,118,1
2026-06-01 12:00:18,655170,0.158,28.46,117,1
2026-06-01 12:00:21,658200,0.998,28.45,118,1
2026-06-01 12:00:24,661230,0.830,28.45,118,1
2026-06-01 12:00:27,664260,-0.620,28.45,118,1
2026-06-01 12:00:30,667290,-0.326,28.45,118,1
2026-06-01 12:00:33,670320,0.263,28.45,118,1
2026-06-01 12:00:36,673350,0.200,28.45,118,1
2026-06-01 12:00:39,676380,1.082,28.44,118,1
2026-06-01 12:00:42,679410,0.578,28.45,118,1
2026-06-01 12:00:45,682440,-0.326,28.45,118,1
2026-06-01 12:00:48,685470,0.557,28.45,117,1
2026-06-01 12:00:51,688500,1.187,28.45,117,1
2026-06-01 12:00:54,691530,0.746,28.44,118,1
2026-06-01 12:00:57,694560,1.145,28.44,118,1
2026-06-01 12:01:00,697590,0.452,28.44,118,1
2026-06-01 12:01:03,700620,0.221,28.44,117,1
2026-06-01 12:01:06,703650,0.578,28.44,118,1
2026-06-01 12:01:09,706680,0.032,28.44,118,1
2026-06-01 12:01:12,709710,0.830,28.43,118,1
2026-06-01 12:01:15,712740,-0.452,28.44,118,1
2026-06-01 12:01:19,715770,0.872,28.43,118,1
2026-06-01 12:01:22,718800,-0.095,28.43,118,1
2026-06-01 12:01:25,721830,0.872,28.43,118,1
2026-06-01 12:01:28,724860,0.641,28.43,118,1
2026-06-01 12:01:31,727890,0.599,28.43,118,1
2026-06-01 12:01:34,730920,0.662,28.43,118,1
2026-06-01 12:01:37,733950,-0.326,28.42,118,1
2026-06-01 12:01:40,736980,0.914,28.42,118,1
2026-06-01 12:01:43,740010,0.368,28.42,118,1
2026-06-01 12:01:46,743040,-0.704,28.42,118,1
2026-06-01 12:01:49,746070,0.305,28.42,118,1
2026-06-01 12:01:52,749100,1.040,28.42,118,1
2026-06-01 12:01:55,752130,-0.158,28.42,118,1
2026-06-01 12:01:58,755160,1.145,28.42,118,1
2026-06-01 12:02:01,758190,0.137,28.42,118,1
2026-06-01 12:02:04,761220,0.977,28.42,118,1
2026-06-01 12:02:07,764250,0.347,28.41,118,1
2026-06-01 12:02:10,767280,0.200,28.41,118,1
2026-06-01 12:02:13,770310,-0.452,28.41,119,1
2026-06-01 12:02:16,773340,0.053,28.41,118,1
2026-06-01 12:02:19,776370,-0.116,28.41,118,1
2026-06-01 12:02:22,779400,0.200,28.41,118,1
2026-06-01 12:02:25,782430,1.418,28.41,117,1
2026-06-01 12:02:28,785460,0.599,28.41,118,1
2026-06-01 12:02:31,788490,1.082,28.41,117,1
2026-06-01 12:02:34,791520,0.032,28.41,118,1
2026-06-01 12:02:37,794550,0.221,28.41,118,1
2026-06-01 12:02:40,797580,0.746,28.41,118,1
2026-06-01 12:02:43,800610,0.599,28.41,117,1
2026-06-01 12:02:46,803640,0.914,28.41,117,1
2026-06-01 12:02:49,806670,0.368,28.41,118,1
2026-06-01 12:02:52,809700,1.250,28.41,118,1
2026-06-01 12:02:55,812730,0.347,28.41,118,1
2026-06-01 12:02:59,815760,0.515,28.41,118,1
2026-06-01 12:03:02,818790,-0.221,28.41,118,1
2026-06-01 12:03:05,821820,0.830,28.41,118,1
2026-06-01 12:03:08,824850,0.263,28.41,117,1
2026-06-01 12:03:11,827880,0.893,28.41,117,1
2026-06-01 12:03:14,830910,0.431,28.41,118,1
2026-06-01 12:03:17,833940,0.557,28.41,118,1
2026-06-01 12:03:20,836970,0.851,28.41,118,1
2026-06-01 12:03:23,840000,0.473,28.40,117,1
2026-06-01 12:03:26,843030,0.662,28.40,118,1
2026-06-01 12:03:29,846060,0.242,28.40,117,1
2026-06-01 12:03:32,849090,-0.158,28.40,118,1
2026-06-01 12:03:35,852120,-0.599,28.40,118,1
2026-06-01 12:03:38,855150,-0.116,28.40,118,1
2026-06-01 12:03:41,858180,1.208,28.40,118,1
2026-06-01 12:03:44,861210,0.998,28.40,118,1
2026-06-01 12:03:47,864240,1.124,28.40,118,1
2026-06-01 12:03:50,867270,-0.641,28.40,118,1
2026-06-01 12:03:53,870300,0.872,28.40,118,1
2026-06-01 12:03:56,873330,0.767,28.40,118,1
2026-06-01 12:03:59,876360,-0.179,28.40,118,1
2026-06-01 12:04:02,879390,-0.074,28.40,118,1
2026-06-01 12:04:05,882420,0.578,28.40,118,1
2026-06-01 12:04:08,885450,0.389,28.40,117,1
2026-06-01 12:04:11,888480,1.187,28.40,118,1
2026-06-01 12:04:14,891510,0.557,28.40,118,1
2026-06-01 12:04:17,894540,0.347,28.40,117,1
2026-06-01 12:04:20,897570,0.683,28.40,117,1
2026-06-01 12:04:23,900600,0.830,28.40,118,1
2026-06-01 12:04:26,903630,-0.620,28.40,118,1
2026-06-01 12:04:29,906660,0.788,28.40,118,1
2026-06-01 12:04:32,909690,-0.326,28.40,118,1
2026-06-01 12:04:35,912720,-0.620,28.40,117,1
2026-06-01 12:04:38,915750,0.410,28.41,117,1
2026-06-01 12:04:42,918780,0.410,28.40,117,1
2026-06-01 12:04:45,921810,0.599,28.41,118,1
2026-06-01 12:04:48,924840,0.662,28.40,118,1
2026-06-01 12:04:51,927870,1.061,28.41,118,1
2026-06-01 12:04:54,930900,-0.158,28.40,118,1
2026-06-01 12:04:57,933930,0.284,28.40,117,1
2026-06-01 12:05:00,936960,-0.284,28.40,117,1
2026-06-01 12:05:03,939990,0.830,28.40,117,1
2026-06-01 12:05:06,943020,0.179,28.40,117,1
2026-06-01 12:05:09,946050,-0.326,28.40,118,1
2026-06-01 12:05:12,949080,-0.052,28.40,117,1
2026-06-01 12:05:15,952110,0.977,28.40,118,1
2026-06-01 12:05:18,955140,0.200,28.41,117,1
2026-06-01 12:05:21,958170,0.179,28.40,118,1
2026-06-01 12:05:24,961200,0.221,28.40,118,1
2026-06-01 12:05:27,964230,-0.599,28.40,118,1
2026-06-01 12:05:30,967260,0.242,28.40,119,1
2026-06-01 12:05:33,970290,-0.788,28.40,118,1
2026-06-01 12:05:36,973320,0.116,28.40,118,1
2026-06-01 12:05:39,976350,0.284,28.40,118,1
2026-06-01 12:05:42,979380,0.116,28.40,118,1
2026-06-01 12:05:45,982410,-0.305,28.40,117,1
2026-06-01 12:05:48,985440,-0.242,28.40,117,1
2026-06-01 12:05:51,988470,0.221,28.40,118,1
2026-06-01 12:05:54,991500,0.158,28.40,118,1
2026-06-01 12:05:57,994530,1.502,28.40,118,1
2026-06-01 12:06:00,997560,0.305,28.40,118,1
2026-06-01 12:06:03,1000590,0.368,28.40,118,1
2026-06-01 12:06:06,1003620,0.221,28.40,117,1
2026-06-01 12:06:09,1006650,-0.031,28.40,118,1
2026-06-01 12:06:12,1009680,-0.347,28.40,118,1
2026-06-01 12:06:15,1012710,0.137,28.39,118,1
2026-06-01 12:06:18,1015740,0.473,28.39,118,1
2026-06-01 12:06:22,1018770,-0.284,28.39,118,1
2026-06-01 12:06:25,1021800,-0.074,28.40,118,1
2026-06-01 12:06:28,1024830,-0.179,28.39,118,1
2026-06-01 12:06:31,1027860,0.263,28.40,118,1
2026-06-01 12:06:34,1030890,-0.683,28.39,118,1
2026-06-01 12:06:37,1033920,-0.704,28.40,118,1
2026-06-01 12:06:40,1036950,-0.872,28.40,118,1
2026-06-01 12:06:43,1039980,-0.494,28.40,117,1
2026-06-01 12:06:46,1043010,-0.368,28.39,118,1
2026-06-01 12:06:49,1046040,0.179,28.40,118,1
2026-06-01 12:06:52,1049070,0.452,28.40,118,1
2026-06-01 12:06:55,1052100,-0.052,28.40,118,1
2026-06-01 12:06:58,1055130,0.725,28.40,118,1
2026-06-01 12:07:01,1058160,0.284,28.40,118,1
2026-06-01 12:07:04,1061190,-0.095,28.40,118,1
2026-06-01 12:07:07,1064220,0.620,28.40,118,1
2026-06-01 12:07:10,1067250,-0.557,28.40,119,1
2026-06-01 12:07:13,1070280,-0.515,28.40,118,1
2026-06-01 12:07:16,1073310,0.368,28.40,118,1
2026-06-01 12:07:19,1076340,0.662,28.41,118,1
2026-06-01 12:07:22,1079370,0.053,28.40,118,1
2026-06-01 12:07:25,1082400,0.809,28.41,118,1
2026-06-01 12:07:28,1085430,0.683,28.40,118,1
2026-06-01 12:07:31,1088460,0.095,28.41,118,1
2026-06-01 12:07:34,1091490,1.061,28.41,118,1
2026-06-01 12:07:37,1094520,0.074,28.41,118,1
2026-06-01 12:07:40,1097550,1.061,28.41,118,1
2026-06-01 12:07:43,1100580,0.494,28.40,118,1
2026-06-01 12:07:46,1103610,0.242,28.41,118,1
2026-06-01 12:07:49,1106640,0.179,28.41,118,1
2026-06-01 12:07:52,1109670,-0.368,28.40,118,1
2026-06-01 12:07:55,1112700,0.536,28.40,118,1
2026-06-01 12:07:58,1115730,0.284,28.40,118,1
2026-06-01 12:08:02,1118760,0.410,28.40,118,1
2026-06-01 12:08:05,1121790,-0.452,28.40,118,1
2026-06-01 12:08:08,1124820,-0.095,28.40,118,1
2026-06-01 12:08:11,1127850,1.481,28.40,118,1
2026-06-01 12:08:14,1130880,0.494,28.40,118,1
2026-06-01 12:08:17,1133910,0.074,28.40,118,1
2026-06-01 12:08:20,1136940,0.725,28.40,118,1
2026-06-01 12:08:23,1139970,0.116,28.40,118,1
2026-06-01 12:08:26,1143000,0.851,28.40,118,1
2026-06-01 12:08:29,1146030,-0.851,28.40,118,1
2026-06-01 12:08:32,1149060,0.851,28.40,118,1
2026-06-01 12:08:35,1152090,0.032,28.40,118,1
2026-06-01 12:08:38,1155120,-0.095,28.39,118,1
2026-06-01 12:08:41,1158150,-0.052,28.40,118,1
2026-06-01 12:08:44,1161180,0.431,28.40,118,1
2026-06-01 12:08:47,1164210,-0.557,28.40,118,1
2026-06-01 12:08:50,1167240,-0.368,28.40,118,1
2026-06-01 12:08:53,1170270,0.620,28.40,118,1
2026-06-01 12:08:56,1173300,0.956,28.40,117,1
2026-06-01 12:08:59,1176330,-0.389,28.40,117,1
2026-06-01 12:09:02,1179360,0.347,28.40,118,1
2026-06-01 12:09:05,1182390,0.116,28.40,117,1
2026-06-01 12:09:08,1185420,-0.683,28.40,118,1
2026-06-01 12:09:11,1188450,0.725,28.40,118,1
2026-06-01 12:09:14,1191480,0.305,28.40,118,1
2026-06-01 12:09:17,1194510,-0.095,28.40,118,1
2026-06-01 12:09:20,1197540,-0.368,28.39,118,1
2026-06-01 12:09:23,1200570,0.305,28.39,118,1
2026-06-01 12:09:26,1203600,0.452,28.40,118,1
2026-06-01 12:09:29,1206630,0.242,28.40,118,1
2026-06-01 12:09:32,1209660,0.263,28.40,118,1
2026-06-01 12:09:35,1212690,1.124,28.39,118,1
2026-06-01 12:09:38,1215720,1.250,28.40,118,1
2026-06-01 12:09:41,1218750,0.158,28.39,118,1
2026-06-01 12:09:45,1221780,0.347,28.40,118,1
2026-06-01 12:09:48,1224810,-0.179,28.39,118,1
2026-06-01 12:09:51,1227840,1.166,28.40,118,1
2026-06-01 12:09:54,1230870,-0.578,28.39,118,1
2026-06-01 12:09:57,1233900,-0.284,28.39,118,1
2026-06-01 12:10:00,1236930,1.271,28.39,118,1
2026-06-01 12:10:03,1239960,-0.137,28.39,118,1
2026-06-01 12:10:06,1242990,-0.179,28.39,118,1
2026-06-01 12:10:09,1246020,-0.746,28.39,118,1
2026-06-01 12:10:12,1249050,-0.095,28.39,118,1
2026-06-01 12:10:15,1252080,0.137,28.39,118,1
2026-06-01 12:10:18,1255110,0.620,28.38,118,1
2026-06-01 12:10:21,1258140,0.410,28.38,118,1
2026-06-01 12:10:24,1261170,0.053,28.38,118,1
2026-06-01 12:10:27,1264200,0.389,28.38,118,1
2026-06-01 12:10:30,1267230,-0.494,28.38,118,1
2026-06-01 12:10:33,1270260,-0.074,28.38,118,1
2026-06-01 12:10:36,1273290,-0.473,28.38,118,1
2026-06-01 12:10:39,1276320,0.704,28.38,118,1
2026-06-01 12:10:42,1279350,-0.052,28.38,118,1
2026-06-01 12:10:45,1282380,0.074,28.38,118,1
2026-06-01 12:10:48,1285410,1.733,28.38,118,1
2026-06-01 12:10:51,1288440,0.263,28.39,118,1
2026-06-01 12:10:54,1291470,-0.179,28.39,118,1
2026-06-01 12:10:57,1294500,1.250,28.38,118,1
2026-06-01 12:11:00,1297530,0.200,28.39,118,1
2026-06-01 12:11:03,1300560,0.683,28.39,118,1
2026-06-01 12:11:06,1303590,0.137,28.39,118,1
2026-06-01 12:11:09,1306620,0.704,28.38,118,1
2026-06-01 12:11:12,1309650,0.809,28.39,118,1
2026-06-01 12:11:15,1312680,-0.557,28.38,118,1
2026-06-01 12:11:18,1315710,0.263,28.39,119,1
2026-06-01 12:11:21,1318740,0.473,28.38,118,1
2026-06-01 12:11:25,1321770,0.473,28.38,118,1
2026-06-01 12:11:28,1324800,0.767,28.38,119,1
2026-06-01 12:11:31,1327830,0.305,28.38,118,1
2026-06-01 12:11:34,1330860,-0.137,28.38,119,1
2026-06-01 12:11:37,1333890,-0.179,28.38,118,1
2026-06-01 12:11:40,1336920,-0.725,28.38,118,1
2026-06-01 12:11:43,1339950,0.431,28.38,119,1
2026-06-01 12:11:46,1342980,-0.347,28.39,119,1
2026-06-01 12:11:49,1346010,0.347,28.39,119,1
2026-06-01 12:11:52,1349040,0.053,28.39,118,1
2026-06-01 12:11:55,1352070,0.095,28.39,118,1
2026-06-01 12:11:58,1355100,0.137,28.39,118,1
2026-06-01 12:12:01,1358130,-0.872,28.39,118,1
2026-06-01 12:12:04,1361160,-0.326,28.39,119,1
2026-06-01 12:12:07,1364190,0.053,28.39,119,1
2026-06-01 12:12:10,1367220,-0.221,28.39,119,1
2026-06-01 12:12:13,1370250,0.389,28.39,119,1
2026-06-01 12:12:16,1373280,0.767,28.39,118,1
2026-06-01 12:12:19,1376310,0.158,28.39,118,1
2026-06-01 12:12:22,1379340,0.389,28.39,118,1
2026-06-01 12:12:25,1382370,0.515,28.39,118,1
2026-06-01 12:12:28,1385400,-0.179,28.39,118,1
2026-06-01 12:12:31,1388430,-0.599,28.39,118,1
2026-06-01 12:12:34,1391460,-0.368,28.39,119,1
2026-06-01 12:12:37,1394490,0.683,28.39,119,1
2026-06-01 12:12:40,1397520,-0.031,28.39,119,1
2026-06-01 12:12:43,1400550,1.103,28.39,118,1
2026-06-01 12:12:46,1403580,0.536,28.39,118,1
2026-06-01 12:12:49,1406610,-0.095,28.39,118,1
2026-06-01 12:12:52,1409640,0.515,28.39,118,1
2026-06-01 12:12:55,1412670,0.599,28.39,118,1
2026-06-01 12:12:58,1415700,-0.052,28.38,119,1
2026-06-01 12:13:01,1418730,0.557,28.39,119,1
2026-06-01 12:13:05,1421760,0.410,28.38,118,1
2026-06-01 12:13:08,1424790,0.683,28.38,118,1
2026-06-01 12:13:11,1427820,-0.389,28.38,118,1
2026-06-01 12:13:14,1430850,-0.410,28.38,118,1
2026-06-01 12:13:17,1433880,-0.557,28.38,118,1
2026-06-01 12:13:20,1436910,-0.368,28.38,119,1
2026-06-01 12:13:23,1439940,0.284,28.38,119,1
2026-06-01 12:13:26,1442970,0.578,28.38,118,1
2026-06-01 12:13:29,1446000,-0.893,28.38,118,1
2026-06-01 12:13:32,1449030,-0.620,28.38,118,1
2026-06-01 12:13:35,1452060,0.788,28.38,118,1
2026-06-01 12:13:38,1455090,-0.389,28.38,118,1
2026-06-01 12:13:41,1458120,0.326,28.38,119,1
2026-06-01 12:13:44,1461150,0.494,28.38,119,1
2026-06-01 12:13:47,1464180,1.019,28.38,119,1
2026-06-01 12:13:50,1467210,0.368,28.37,119,1
2026-06-01 12:13:53,1470240,0.473,28.38,118,1
2026-06-01 12:13:56,1473270,0.599,28.37,119,1
2026-06-01 12:13:59,1476300,-1.019,28.38,118,1
2026-06-01 12:14:02,1479330,0.410,28.37,119,1
2026-06-01 12:14:05,1482360,0.620,28.37,118,1
2026-06-01 12:14:08,1485390,0.053,28.37,119,1
2026-06-01 12:14:11,1488420,0.998,28.38,119,1
2026-06-01 12:14:14,1491450,0.242,28.37,118,1
2026-06-01 12:14:17,1494480,0.263,28.37,118,1
2026-06-01 12:14:20,1497510,0.557,28.37,118,1
2026-06-01 12:14:23,1500540,0.473,28.37,119,1
2026-06-01 12:14:26,1503570,-0.662,28.37,119,1
2026-06-01 12:14:29,1506600,1.229,28.38,118,1
2026-06-01 12:14:32,1509630,1.271,28.37,118,1
2026-06-01 12:14:35,1512660,0.158,28.37,119,1
2026-06-01 12:14:38,1515690,-0.031,28.38,118,1
2026-06-01 12:14:41,1518720,1.103,28.38,118,1
2026-06-01 12:14:44,1521750,0.242,28.38,119,1
2026-06-01 12:14:48,1524780,0.557,28.38,119,1
2026-06-01 12:14:51,1527810,0.368,28.38,118,1
2026-06-01 12:14:54,1530840,1.103,28.37,118,1
2026-06-01 12:14:57,1533870,0.599,28.37,118,1
2026-06-01 12:15:00,1536900,0.389,28.38,117,1
2026-06-01 12:15:03,1539930,0.410,28.38,118,1
2026-06-01 12:15:06,1542960,0.725,28.38,117,1
2026-06-01 12:15:09,1545990,0.347,28.38,118,1
2026-06-01 12:15:12,1549020,0.410,28.38,118,1
2026-06-01 12:15:15,1552050,0.746,28.38,118,1
2026-06-01 12:15:18,1555080,-0.326,28.38,118,1
2026-06-01 12:15:21,1558110,-0.242,28.38,118,1
2026-06-01 12:15:24,1561140,0.389,28.38,118,1
2026-06-01 12:15:27,1564170,0.767,28.38,118,1
2026-06-01 12:15:30,1567200,0.872,28.38,118,1
2026-06-01 12:15:33,1570230,1.082,28.38,118,1
2026-06-01 12:15:36,1573260,0.095,28.38,118,1
2026-06-01 12:15:39,1576290,0.998,28.37,118,1
2026-06-01 12:15:42,1579320,0.704,28.38,118,1
2026-06-01 12:15:45,1582350,1.124,28.38,119,1
2026-06-01 12:15:48,1585380,1.082,28.38,119,1
2026-06-01 12:15:51,1588410,0.557,28.37,119,1
2026-06-01 12:15:54,1591440,0.032,28.37,119,1
2026-06-01 12:15:57,1594470,0.662,28.37,118,1
2026-06-01 12:16:00,1597500,-0.263,28.37,119,1
2026-06-01 12:16:03,1600530,0.725,28.37,118,1
2026-06-01 12:16:06,1603560,0.515,28.37,118,1
2026-06-01 12:16:09,1606590,0.452,28.37,117,1
2026-06-01 12:16:12,1609620,0.935,28.37,117,1
2026-06-01 12:16:15,1612650,0.893,28.37,118,1
2026-06-01 12:16:18,1615680,0.200,28.37,118,1
2026-06-01 12:16:21,1618710,0.872,28.37,118,1
2026-06-01 12:16:24,1621740,1.019,28.37,118,1
2026-06-01 12:16:28,1624770,0.242,28.37,118,1
2026-06-01 12:16:31,1627800,1.775,28.37,118,1
2026-06-01 12:16:34,1630830,0.284,28.37,118,1
2026-06-01 12:16:37,1633860,0.410,28.37,118,1
2026-06-01 12:16:40,1636890,0.536,28.37,118,1
2026-06-01 12:16:43,1639920,0.473,28.37,118,1
2026-06-01 12:16:46,1642950,0.368,28.37,118,1
2026-06-01 12:16:49,1645980,1.691,28.37,118,1
2026-06-01 12:16:52,1649010,0.515,28.37,118,1
2026-06-01 12:16:55,1652040,0.158,28.37,118,1
2026-06-01 12:16:58,1655070,-0.137,28.38,118,1
2026-06-01 12:17:01,1658100,0.095,28.38,118,1
2026-06-01 12:17:04,1661130,0.578,28.38,118,1
2026-06-01 12:17:07,1664160,0.452,28.38,118,1
2026-06-01 12:17:10,1667190,-0.158,28.38,118,1
2026-06-01 12:17:13,1670220,0.074,28.38,118,1
2026-06-01 12:17:16,1673250,1.313,28.38,118,1
2026-06-01 12:17:19,1676280,0.284,28.38,118,1
2026-06-01 12:17:22,1679310,0.431,28.38,118,1
2026-06-01 12:17:25,1682340,0.116,28.38,117,1
2026-06-01 12:17:28,1685370,1.061,28.38,118,1
2026-06-01 12:17:31,1688400,-0.431,28.38,118,1
2026-06-01 12:17:34,1691430,0.074,28.39,118,1
2026-06-01 12:17:37,1694460,0.200,28.38,118,1
2026-06-01 12:17:40,1697490,0.683,28.38,118,1
2026-06-01 12:17:43,1700520,0.683,28.38,118,1
2026-06-01 12:17:46,1703550,-0.031,28.38,118,1
2026-06-01 12:17:49,1706580,-0.200,28.38,118,1
2026-06-01 12:17:52,1709610,-0.284,28.38,118,1
2026-06-01 12:17:55,1712640,-0.200,28.38,118,1
2026-06-01 12:17:58,1715670,0.515,28.38,118,1
2026-06-01 12:18:01,1718700,0.893,28.38,118,1
2026-06-01 12:18:04,1721730,0.263,28.39,118,1
2026-06-01 12:18:08,1724760,0.095,28.38,118,1
2026-06-01 12:18:11,1727790,-0.200,28.39,118,1
2026-06-01 12:18:14,1730820,-0.578,28.38,118,1
2026-06-01 12:18:17,1733850,0.515,28.39,118,1
2026-06-01 12:18:20,1736880,0.725,28.39,118,1
2026-06-01 12:18:23,1739910,0.158,28.39,118,1
2026-06-01 12:18:26,1742940,-0.074,28.39,118,1
2026-06-01 12:18:29,1745970,0.032,28.39,117,1
2026-06-01 12:18:32,1749000,0.368,28.39,118,1
2026-06-01 12:18:35,1752030,0.263,28.39,118,1
2026-06-01 12:18:38,1755060,0.704,28.39,118,1
2026-06-01 12:18:41,1758090,0.200,28.39,118,1
2026-06-01 12:18:44,1761120,-0.031,28.39,118,1
2026-06-01 12:18:47,1764150,0.200,28.39,118,1
2026-06-01 12:18:50,1767180,0.746,28.39,118,1
2026-06-01 12:18:53,1770210,0.347,28.40,118,1
2026-06-01 12:18:56,1773240,0.284,28.40,118,1
2026-06-01 12:18:59,1776270,0.536,28.40,118,1
2026-06-01 12:19:02,1779300,-0.095,28.40,118,1
2026-06-01 12:19:05,1782330,0.221,28.40,118,1
2026-06-01 12:19:08,1785360,0.977,28.39,118,1
2026-06-01 12:19:11,1788390,-0.263,28.40,118,1
2026-06-01 12:19:14,1791420,0.956,28.40,118,1
2026-06-01 12:19:17,1794450,0.011,28.40,118,1
2026-06-01 12:19:20,1797480,-0.284,28.40,118,1
2026-06-01 12:19:23,1800510,1.145,28.40,118,1
2026-06-01 12:19:26,1803540,1.124,28.40,117,1
2026-06-01 12:19:29,1806570,0.305,28.40,118,1
2026-06-01 12:19:32,1809600,1.250,28.40,118,1
2026-06-01 12:19:35,1812630,1.019,28.40,118,1
2026-06-01 12:19:38,1815660,0.116,28.40,118,1
2026-06-01 12:19:41,1818690,1.019,28.40,118,1
2026-06-01 12:19:44,1821720,-0.221,28.40,118,1
2026-06-01 12:19:47,1824750,0.368,28.40,118,1
2026-06-01 12:19:51,1827780,0.032,28.40,118,1
2026-06-01 12:19:54,1830810,0.851,28.40,118,1
2026-06-01 12:19:57,1833840,-0.010,28.40,118,1
2026-06-01 12:20:00,1836870,0.326,28.40,118,1
2026-06-01 12:20:03,1839900,-0.242,28.40,118,1
2026-06-01 12:20:06,1842930,0.557,28.40,118,1
2026-06-01 12:20:09,1845960,0.935,28.40,118,1
2026-06-01 12:20:12,1848990,0.242,28.40,118,1
2026-06-01 12:20:15,1852020,0.242,28.40,118,1
2026-06-01 12:20:18,1855050,0.095,28.40,118,1
2026-06-01 12:20:21,1858080,1.103,28.40,118,1
2026-06-01 12:20:24,1861110,0.347,28.40,118,1
2026-06-01 12:20:27,1864140,-0.242,28.40,118,1
2026-06-01 12:20:30,1867170,0.704,28.40,118,1
2026-06-01 12:20:33,1870200,1.103,28.40,118,1
2026-06-01 12:20:36,1873230,0.662,28.40,118,1
2026-06-01 12:20:39,1876260,0.767,28.40,118,1
2026-06-01 12:20:42,1879290,0.662,28.40,118,1
2026-06-01 12:20:45,1882320,1.082,28.40,117,1
2026-06-01 12:20:48,1885350,0.620,28.40,119,1
2026-06-01 12:20:51,1888380,0.200,28.40,119,1
2026-06-01 12:20:54,1891410,0.515,28.40,118,1
2026-06-01 12:20:57,1894440,0.809,28.41,118,1
2026-06-01 12:21:00,1897470,0.452,28.41,118,1
2026-06-01 12:21:03,1900500,0.515,28.41,118,1
2026-06-01 12:21:06,1903530,0.452,28.41,118,1
2026-06-01 12:21:09,1906560,0.788,28.41,118,1
2026-06-01 12:21:12,1909590,0.872,28.41,118,1
2026-06-01 12:21:15,1912620,-0.116,28.41,117,1
2026-06-01 12:21:18,1915650,1.229,28.41,118,1
2026-06-01 12:21:21,1918680,0.788,28.41,118,1
2026-06-01 12:21:24,1921710,0.683,28.41,119,1
2026-06-01 12:21:27,1924740,2.195,28.41,118,1
2026-06-01 12:21:31,1927770,0.179,28.41,118,1
2026-06-01 12:21:34,1930800,0.809,28.41,118,1
2026-06-01 12:21:37,1933830,0.200,28.41,118,1
2026-06-01 12:21:40,1936860,0.935,28.41,118,1
2026-06-01 12:21:43,1939890,0.998,28.41,118,1
2026-06-01 12:21:46,1942920,0.221,28.41,119,1
2026-06-01 12:21:49,1945950,0.935,28.41,118,1
2026-06-01 12:21:52,1948980,0.998,28.41,118,1
2026-06-01 12:21:55,1952010,0.494,28.41,118,1
2026-06-01 12:21:58,1955040,0.809,28.41,118,1
2026-06-01 12:22:01,1958070,1.145,28.41,118,1
2026-06-01 12:22:04,1961100,0.557,28.41,117,1
2026-06-01 12:22:07,1964130,0.599,28.41,118,1
2026-06-01 12:22:10,1967160,0.137,28.41,118,1
2026-06-01 12:22:13,1970190,0.494,28.41,118,1
2026-06-01 12:22:16,1973220,0.809,28.41,119,1
2026-06-01 12:22:19,1976250,0.410,28.41,118,1
2026-06-01 12:22:22,1979280,0.200,28.41,118,1
2026-06-01 12:22:25,1982310,0.641,28.41,118,1
2026-06-01 12:22:28,1985340,0.599,28.40,118,1
2026-06-01 12:22:31,1988370,0.389,28.41,118,1
2026-06-01 12:22:34,1991400,0.515,28.41,118,1
2026-06-01 12:22:37,1994430,-0.158,28.41,118,1
2026-06-01 12:22:40,1997460,0.977,28.41,119,1
2026-06-01 12:22:43,2000490,0.053,28.40,118,1
2026-06-01 12:22:46,2003520,-0.263,28.40,119,1
2026-06-01 12:22:49,2006550,0.389,28.40,118,1
2026-06-01 12:22:52,2009580,0.977,28.40,118,1
2026-06-01 12:22:55,2012610,-0.095,28.40,119,1
2026-06-01 12:22:58,2015640,0.998,28.40,118,1
2026-06-01 12:23:01,2018670,0.830,28.40,118,1
2026-06-01 12:23:04,2021700,0.893,28.40,118,1
2026-06-01 12:23:07,2024730,0.746,28.40,118,1
2026-06-01 12:23:11,2027760,1.229,28.40,118,1
2026-06-01 12:23:14,2030790,1.082,28.40,118,1
2026-06-01 12:23:17,2033820,0.515,28.39,119,1
2026-06-01 12:23:20,2036850,-0.074,28.40,118,1
2026-06-01 12:23:23,2039880,0.179,28.39,118,1
2026-06-01 12:23:26,2042910,0.410,28.39,118,1
2026-06-01 12:23:29,2045940,0.305,28.39,118,1
2026-06-01 12:23:32,2048970,0.536,28.39,117,1
2026-06-01 12:23:35,2052000,-0.221,28.39,118,1
2026-06-01 12:23:38,2055030,0.494,28.39,118,1
2026-06-01 12:23:41,2058060,0.683,28.39,118,1
2026-06-01 12:23:44,2061090,0.326,28.39,118,1
2026-06-01 12:23:47,2064120,-0.851,28.39,118,1
2026-06-01 12:23:50,2067150,0.326,28.39,118,1
2026-06-01 12:23:53,2070180,-0.263,28.38,118,1
2026-06-01 12:23:56,2073210,0.116,28.39,118,1
2026-06-01 12:23:59,2076240,0.074,28.39,119,1
2026-06-01 12:24:02,2079270,0.935,28.38,119,1
2026-06-01 12:24:05,2082300,0.725,28.38,119,1
2026-06-01 12:24:08,2085330,-1.166,28.38,118,1
2026-06-01 12:24:11,2088360,-0.074,28.38,118,1
2026-06-01 12:24:14,2091390,-0.052,28.38,118,1
2026-06-01 12:24:17,2094420,0.809,28.38,118,1
2026-06-01 12:24:20,2097450,0.515,28.38,118,1
2026-06-01 12:24:23,2100480,0.725,28.38,118,1
2026-06-01 12:24:26,2103510,0.326,28.38,118,1
2026-06-01 12:24:29,2106540,0.788,28.38,119,1
2026-06-01 12:24:32,2109570,0.410,28.38,119,1
2026-06-01 12:24:35,2112600,-0.263,28.38,119,1
2026-06-01 12:24:38,2115630,1.019,28.38,118,1
2026-06-01 12:24:41,2118660,0.221,28.37,119,1
2026-06-01 12:24:44,2121690,0.830,28.37,118,1
2026-06-01 12:24:47,2124720,0.998,28.37,119,1
2026-06-01 12:24:50,2127750,-0.031,28.37,119,1
2026-06-01 12:24:54,2130780,0.725,28.37,119,1
2026-06-01 12:24:57,2133810,0.851,28.37,118,1
2026-06-01 12:25:00,2136840,0.242,28.37,119,1
2026-06-01 12:25:03,2139870,-0.305,28.37,119,1
2026-06-01 12:25:06,2142900,0.116,28.37,119,1
2026-06-01 12:25:09,2145930,0.746,28.37,118,1
2026-06-01 12:25:12,2148960,0.200,28.37,118,1
2026-06-01 12:25:15,2151990,-0.179,28.37,118,1
2026-06-01 12:25:18,2155020,0.200,28.38,118,1
2026-06-01 12:25:21,2158050,-0.074,28.38,118,1
2026-06-01 12:25:24,2161080,0.179,28.37,118,1
2026-06-01 12:25:27,2164110,0.137,28.37,119,1
2026-06-01 12:25:30,2167140,0.284,28.37,118,1
2026-06-01 12:25:33,2170170,0.242,28.37,119,1
2026-06-01 12:25:36,2173200,0.872,28.37,118,1
2026-06-01 12:25:39,2176230,-0.074,28.37,118,1
2026-06-01 12:25:42,2179260,-0.389,28.37,118,1
2026-06-01 12:25:45,2182290,-0.116,28.37,118,1
2026-06-01 12:25:48,2185320,0.074,28.36,118,1
2026-06-01 12:25:51,2188350,0.662,28.36,118,1
2026-06-01 12:25:54,2191380,-0.221,28.36,117,1
2026-06-01 12:25:57,2194410,-0.242,28.36,118,1
2026-06-01 12:26:00,2197440,-1.460,28.36,118,1
2026-06-01 12:26:03,2200470,0.326,28.36,118,1
2026-06-01 12:26:06,2203500,0.662,28.36,119,1
2026-06-01 12:26:09,2206530,0.137,28.36,119,1
2026-06-01 12:26:12,2209560,-0.767,28.36,119,1
2026-06-01 12:26:15,2212590,1.376,28.36,118,1
2026-06-01 12:26:18,2215620,0.200,28.36,118,1
2026-06-01 12:26:21,2218650,0.032,28.36,118,1
2026-06-01 12:26:24,2221680,0.095,28.36,117,1
2026-06-01 12:26:27,2224710,-0.095,28.36,118,1
2026-06-01 12:26:30,2227740,0.179,28.36,118,1
2026-06-01 12:26:34,2230770,0.074,28.36,118,1
2026-06-01 12:26:37,2233800,0.641,28.36,118,1
2026-06-01 12:26:40,2236830,-0.725,28.36,118,1
2026-06-01 12:26:43,2239860,-1.103,28.36,118,1
2026-06-01 12:26:46,2242890,-0.368,28.36,118,1
2026-06-01 12:26:49,2245920,-0.158,28.36,118,1
2026-06-01 12:26:52,2248950,-0.095,28.36,118,1
2026-06-01 12:26:55,2251980,0.011,28.36,118,1
2026-06-01 12:26:58,2255010,0.284,28.36,117,1
2026-06-01 12:27:01,2258040,-0.599,28.36,117,1
2026-06-01 12:27:04,2261070,0.389,28.36,117,1
2026-06-01 12:27:07,2264100,0.410,28.36,118,1
2026-06-01 12:27:10,2267130,0.494,28.36,118,1
2026-06-01 12:27:13,2270160,-0.431,28.36,118,1
2026-06-01 12:27:16,2273190,-0.641,28.36,118,1
2026-06-01 12:27:19,2276220,0.536,28.36,119,1
2026-06-01 12:27:22,2279250,0.011,28.36,117,1
2026-06-01 12:27:25,2282280,0.725,28.36,119,1
2026-06-01 12:27:28,2285310,0.662,28.36,119,1
2026-06-01 12:27:31,2288340,0.368,28.36,119,1
2026-06-01 12:27:34,2291370,-0.200,28.35,118,1
2026-06-01 12:27:37,2294400,0.137,28.36,119,1
2026-06-01 12:27:40,2297430,-0.137,28.36,119,1
2026-06-01 12:27:43,2300460,-0.599,28.36,118,1
2026-06-01 12:27:46,2303490,-0.599,28.36,118,1
2026-06-01 12:27:49,2306520,0.158,28.36,119,1
2026-06-01 12:27:52,2309550,0.158,28.36,119,1
2026-06-01 12:27:55,2312580,-0.010,28.36,118,1
2026-06-01 12:27:58,2315610,0.368,28.36,118,1
2026-06-01 12:28:01,2318640,0.074,28.36,118,1
2026-06-01 12:28:04,2321670,0.221,28.36,118,1
2026-06-01 12:28:07,2324700,-0.389,28.36,119,1
2026-06-01 12:28:10,2327730,-0.452,28.36,119,1
2026-06-01 12:28:14,2330760,0.179,28.36,119,1
2026-06-01 12:28:17,2333790,0.410,28.36,118,1
2026-06-01 12:28:20,2336820,0.242,28.36,119,1
2026-06-01 12:28:23,2339850,0.368,28.36,118,1
2026-06-01 12:28:26,2342880,0.536,28.36,119,1
2026-06-01 12:28:29,2345910,-0.179,28.35,118,1
2026-06-01 12:28:32,2348940,0.179,28.36,119,1
2026-06-01 12:28:35,2351970,0.284,28.36,118,1
2026-06-01 12:28:38,2355000,0.158,28.36,118,1
2026-06-01 12:28:41,2358030,0.893,28.36,118,1
2026-06-01 12:28:44,2361060,0.431,28.35,118,1
2026-06-01 12:28:47,2364090,0.284,28.36,118,1
2026-06-01 12:28:50,2367120,0.179,28.36,118,1
2026-06-01 12:28:53,2370150,0.242,28.35,118,1
2026-06-01 12:28:56,2373180,0.095,28.36,119,1
2026-06-01 12:28:59,2376210,0.683,28.35,118,1
2026-06-01 12:29:02,2379240,0.809,28.35,118,1
2026-06-01 12:29:05,2382270,0.410,28.35,119,1
2026-06-01 12:29:08,2385300,0.914,28.36,120,1
2026-06-01 12:29:11,2388330,-0.746,28.36,119,1
2026-06-01 12:29:14,2391360,0.137,28.36,118,1
2026-06-01 12:29:17,2394390,0.452,28.36,118,1
2026-06-01 12:29:20,2397420,0.599,28.37,118,1
2026-06-01 12:29:23,2400450,0.851,28.37,118,1
2026-06-01 12:29:26,2403480,-0.052,28.37,118,1
2026-06-01 12:29:29,2406510,0.074,28.37,119,1
2026-06-01 12:29:32,2409540,0.158,28.37,118,1
2026-06-01 12:29:35,2412570,-0.326,28.37,118,1
2026-06-01 12:29:38,2415600,-0.704,28.38,118,1
2026-06-01 12:29:41,2418630,-0.179,28.37,118,1
2026-06-01 12:29:44,2421660,0.662,28.38,118,1
2026-06-01 12:29:47,2424690,0.158,28.38,119,1
2026-06-01 12:29:50,2427720,-0.431,28.38,118,1
2026-06-01 12:29:53,2430750,-0.305,28.38,119,1
2026-06-01 12:29:57,2433780,0.704,28.38,118,1
2026-06-01 12:30:00,2436810,0.830,28.38,118,1
2026-06-01 12:30:03,2439840,0.557,28.38,118,1
2026-06-01 12:30:06,2442870,0.893,28.38,118,1
2026-06-01 12:30:09,2445900,0.620,28.39,118,1
2026-06-01 12:30:12,2448930,1.628,28.39,118,1
2026-06-01 12:30:15,2451960,1.292,28.38,118,1
2026-06-01 12:30:18,2454990,0.221,28.39,119,1
2026-06-01 12:30:21,2458020,-1.082,28.39,118,1
2026-06-01 12:30:24,2461050,-0.305,28.39,118,1
2026-06-01 12:30:27,2464080,1.229,28.39,118,1
2026-06-01 12:30:30,2467110,-0.767,28.39,118,1
2026-06-01 12:30:33,2470140,0.095,28.39,118,1
2026-06-01 12:30:36,2473170,0.389,28.39,118,1
2026-06-01 12:30:39,2476200,0.473,28.39,118,1
2026-06-01 12:30:42,2479230,0.788,28.40,118,1
2026-06-01 12:30:45,2482260,-0.368,28.40,118,1
2026-06-01 12:30:48,2485290,0.095,28.40,118,1
2026-06-01 12:30:51,2488320,0.872,28.40,118,1
2026-06-01 12:30:54,2491350,0.074,28.40,118,1
2026-06-01 12:30:57,2494380,0.095,28.40,119,1
2026-06-01 12:31:00,2497410,0.200,28.40,119,1
2026-06-01 12:31:03,2500440,1.103,28.40,119,1
2026-06-01 12:31:06,2503470,0.599,28.40,118,1
2026-06-01 12:31:09,2506500,0.683,28.40,118,1
2026-06-01 12:31:12,2509530,-0.095,28.40,118,1
2026-06-01 12:31:15,2512560,0.746,28.40,118,1
2026-06-01 12:31:18,2515590,1.019,28.40,119,1
2026-06-01 12:31:21,2518620,0.053,28.40,119,1
2026-06-01 12:31:24,2521650,0.368,28.40,118,1
2026-06-01 12:31:27,2524680,0.053,28.40,118,1
2026-06-01 12:31:30,2527710,0.536,28.40,118,1
2026-06-01 12:31:33,2530740,0.095,28.40,118,1
2026-06-01 12:31:37,2533770,0.284,28.40,118,1
2026-06-01 12:31:40,2536800,0.620,28.39,118,1
2026-06-01 12:31:43,2539830,0.473,28.39,118,1
2026-06-01 12:31:46,2542860,0.872,28.39,118,1
2026-06-01 12:31:49,2545890,0.935,28.39,118,1
2026-06-01 12:31:52,2548920,-0.410,28.39,118,1
2026-06-01 12:31:55,2551950,0.389,28.39,118,1
2026-06-01 12:31:58,2554980,1.250,28.39,118,1
2026-06-01 12:32:01,2558010,-0.200,28.39,118,1
2026-06-01 12:32:04,2561040,-0.242,28.39,118,1
2026-06-01 12:32:07,2564070,-0.010,28.39,118,1
2026-06-01 12:32:10,2567100,0.557,28.39,118,1
2026-06-01 12:32:13,2570130,0.977,28.39,118,1
2026-06-01 12:32:16,2573160,0.200,28.39,118,1
2026-06-01 12:32:19,2576190,0.557,28.39,118,1
2026-06-01 12:32:22,2579220,0.305,28.38,118,1
2026-06-01 12:32:25,2582250,0.704,28.39,118,1
2026-06-01 12:32:28,2585280,0.116,28.38,118,1
2026-06-01 12:32:31,2588310,0.305,28.38,118,1
2026-06-01 12:32:34,2591340,0.410,28.38,118,1
2026-06-01 12:32:37,2594370,0.725,28.38,118,1
2026-06-01 12:32:40,2597400,0.368,28.38,118,1
2026-06-01 12:32:43,2600430,0.473,28.38,118,1
2026-06-01 12:32:46,2603460,0.410,28.38,118,1
2026-06-01 12:32:49,2606490,0.137,28.38,118,1
2026-06-01 12:32:52,2609520,-0.010,28.38,118,1
2026-06-01 12:32:55,2612550,0.011,28.37,118,1
2026-06-01 12:32:58,2615580,0.557,28.38,118,1
2026-06-01 12:33:01,2618610,-1.250,28.37,118,1
2026-06-01 12:33:04,2621640,0.662,28.37,118,1
2026-06-01 12:33:07,2624670,0.557,28.38,118,1
2026-06-01 12:33:10,2627700,0.536,28.37,118,1
2026-06-01 12:33:13,2630730,-0.074,28.37,118,1
2026-06-01 12:33:17,2633760,0.788,28.37,118,1
2026-06-01 12:33:20,2636790,1.103,28.37,118,1
2026-06-01 12:33:23,2639820,1.376,28.37,118,1
2026-06-01 12:33:26,2642850,0.914,28.37,118,1
2026-06-01 12:33:29,2645880,0.620,28.37,118,1
2026-06-01 12:33:32,2648910,-0.116,28.37,118,1
2026-06-01 12:33:35,2651940,-0.452,28.37,119,1
2026-06-01 12:33:38,2654970,0.137,28.37,118,1
2026-06-01 12:33:41,2658000,-0.074,28.37,118,1
2026-06-01 12:33:44,2661030,0.284,28.37,118,1
2026-06-01 12:33:47,2664060,0.242,28.37,118,1
2026-06-01 12:33:50,2667090,0.389,28.37,118,1
2026-06-01 12:33:53,2670120,0.200,28.37,118,1
2026-06-01 12:33:56,2673150,0.347,28.37,118,1
2026-06-01 12:33:59,2676180,0.347,28.36,118,1
2026-06-01 12:34:02,2679210,0.242,28.36,118,1
2026-06-01 12:34:05,2682240,-0.872,28.37,118,1
2026-06-01 12:34:08,2685270,0.578,28.36,118,1
2026-06-01 12:34:11,2688300,0.221,28.36,118,1
2026-06-01 12:34:14,2691330,0.347,28.36,118,1
2026-06-01 12:34:17,2694360,-0.242,28.36,118,1
2026-06-01 12:34:20,2697390,0.242,28.36,118,1
2026-06-01 12:34:23,2700420,0.200,28.36,118,1
2026-06-01 12:34:26,2703450,1.187,28.36,118,1
2026-06-01 12:34:29,2706480,0.494,28.36,117,1
2026-06-01 12:34:32,2709510,-0.010,28.36,117,1
2026-06-01 12:34:35,2712540,0.809,28.36,117,1
2026-06-01 12:34:38,2715570,-0.031,28.36,118,1
2026-06-01 12:34:41,2718600,-0.031,28.36,118,1
2026-06-01 12:34:44,2721630,0.221,28.36,118,1
2026-06-01 12:34:47,2724660,0.326,28.36,118,1
2026-06-01 12:34:50,2727690,0.284,28.36,117,1
2026-06-01 12:34:53,2730720,0.305,28.36,118,1
2026-06-01 12:34:56,2733750,-0.683,28.37,118,1
2026-06-01 12:35:00,2736780,-0.200,28.36,118,1
2026-06-01 12:35:03,2739810,0.242,28.36,118,1
2026-06-01 12:35:06,2742840,0.284,28.37,117,1
2026-06-01 12:35:09,2745870,0.893,28.38,117,1
2026-06-01 12:35:12,2748900,0.809,28.37,118,1
2026-06-01 12:35:15,2751930,0.011,28.37,118,1
2026-06-01 12:35:18,2754960,-0.010,28.38,117,1
2026-06-01 12:35:21,2757990,0.284,28.38,117,1
2026-06-01 12:35:24,2761020,1.271,28.38,118,1
2026-06-01 12:35:27,2764050,0.158,28.38,118,1
2026-06-01 12:35:30,2767080,-0.200,28.38,118,1
2026-06-01 12:35:33,2770110,0.956,28.38,118,1
2026-06-01 12:35:36,2773140,0.935,28.38,118,1
2026-06-01 12:35:39,2776170,0.578,28.38,118,1
2026-06-01 12:35:42,2779200,0.998,28.38,118,1
2026-06-01 12:35:45,2782230,-0.179,28.37,118,1
2026-06-01 12:35:48,2785260,0.389,28.37,118,1
2026-06-01 12:35:51,2788290,-0.074,28.37,118,1
2026-06-01 12:35:54,2791320,-0.010,28.37,118,1
2026-06-01 12:35:57,2794350,0.326,28.37,118,1
2026-06-01 12:36:00,2797380,-0.284,28.37,118,1
2026-06-01 12:36:03,2800410,0.410,28.37,118,1
2026-06-01 12:36:06,2803440,0.116,28.37,118,1
2026-06-01 12:36:09,2806470,0.578,28.37,118,1
2026-06-01 12:36:12,2809500,0.242,28.38,118,1
2026-06-01 12:36:15,2812530,0.242,28.37,118,1
2026-06-01 12:36:18,2815560,0.011,28.38,117,1
2026-06-01 12:36:21,2818590,-0.158,28.37,118,1
2026-06-01 12:36:24,2821620,0.410,28.37,118,1
2026-06-01 12:36:27,2824650,-0.010,28.38,119,1
2026-06-01 12:36:30,2827680,0.221,28.38,117,1
2026-06-01 12:36:33,2830710,-0.179,28.38,118,1
2026-06-01 12:36:36,2833740,-0.452,28.38,118,1
2026-06-01 12:36:40,2836770,0.158,28.38,118,1
2026-06-01 12:36:43,2839800,0.368,28.38,118,1
2026-06-01 12:36:46,2842830,0.179,28.38,118,1
2026-06-01 12:36:49,2845860,0.137,28.38,118,1
2026-06-01 12:36:52,2848890,0.935,28.38,118,1
2026-06-01 12:36:55,2851920,0.431,28.38,118,1
2026-06-01 12:36:58,2854950,0.116,28.38,118,1
2026-06-01 12:37:01,2857980,-0.389,28.38,118,1
2026-06-01 12:37:04,2861010,0.536,28.38,118,1
2026-06-01 12:37:07,2864040,-0.158,28.38,118,1
2026-06-01 12:37:10,2867070,0.515,28.38,118,1
2026-06-01 12:37:13,2870100,-0.809,28.38,118,1
2026-06-01 12:37:16,2873130,0.221,28.38,118,1
2026-06-01 12:37:19,2876160,1.187,28.38,118,1
2026-06-01 12:37:22,2879190,-0.242,28.38,117,1
2026-06-01 12:37:25,2882220,0.998,28.38,118,1
2026-06-01 12:37:28,2885250,-0.116,28.38,118,1
2026-06-01 12:37:31,2888280,-0.074,28.38,118,1
2026-06-01 12:37:34,2891310,0.767,28.38,118,1
2026-06-01 12:37:37,2894340,0.200,28.39,118,1
2026-06-01 12:37:40,2897370,0.893,28.39,118,1
2026-06-01 12:37:43,2900400,-0.641,28.39,118,1
2026-06-01 12:37:46,2903430,-0.746,28.39,118,1
2026-06-01 12:37:49,2906460,0.494,28.38,118,1
2026-06-01 12:37:52,2909490,0.830,28.39,118,1
2026-06-01 12:37:55,2912520,0.746,28.39,118,1
2026-06-01 12:37:58,2915550,0.326,28.39,118,1
2026-06-01 12:38:01,2918580,-0.116,28.39,118,1
2026-06-01 12:38:04,2921610,0.788,28.39,118,1
2026-06-01 12:38:07,2924640,-0.200,28.39,118,1
2026-06-01 12:38:10,2927670,0.221,28.39,118,1
2026-06-01 12:38:13,2930700,0.305,28.39,118,1
2026-06-01 12:38:16,2933730,0.473,28.39,117,1
2026-06-01 12:38:19,2936760,0.179,28.38,118,1
2026-06-01 12:38:23,2939790,0.557,28.39,117,1
2026-06-01 12:38:26,2942820,-0.010,28.38,117,1
2026-06-01 12:38:29,2945850,1.124,28.39,118,1
2026-06-01 12:38:32,2948880,-0.473,28.39,118,1
2026-06-01 12:38:35,2951910,-0.725,28.39,118,1
2026-06-01 12:38:38,2954940,0.536,28.38,118,1
2026-06-01 12:38:41,2957970,0.032,28.38,118,1
2026-06-01 12:38:44,2961000,0.368,28.39,118,1
2026-06-01 12:38:47,2964030,0.263,28.38,118,1
2026-06-01 12:38:50,2967060,0.725,28.38,118,1
2026-06-01 12:38:53,2970090,-0.031,28.38,118,1
2026-06-01 12:38:56,2973120,0.557,28.39,118,1
2026-06-01 12:38:59,2976150,0.452,28.39,117,1
2026-06-01 12:39:02,2979180,-0.599,28.39,117,1
2026-06-01 12:39:05,2982210,0.998,28.39,116,1
2026-06-01 12:39:08,2985240,0.473,28.39,117,1
2026-06-01 12:39:11,2988270,-0.662,28.39,118,1
2026-06-01 12:39:14,2991300,0.179,28.39,117,1
2026-06-01 12:39:17,2994330,-0.305,28.39,118,1
2026-06-01 12:39:20,2997360,0.200,28.39,118,1
2026-06-01 12:39:23,3000390,0.620,28.39,117,1
2026-06-01 12:39:26,3003420,0.683,28.39,117,1
2026-06-01 12:39:29,3006450,0.536,28.39,117,1
2026-06-01 12:39:32,3009480,0.032,28.40,117,1
2026-06-01 12:39:35,3012510,-0.263,28.39,117,1
2026-06-01 12:39:38,3015540,0.473,28.39,117,1
2026-06-01 12:39:41,3018570,0.473,28.39,117,1
2026-06-01 12:39:44,3021600,0.347,28.39,118,1
2026-06-01 12:39:47,3024630,1.271,28.39,117,1
2026-06-01 12:39:50,3027660,-0.074,28.39,117,1
2026-06-01 12:39:53,3030690,-0.179,28.39,117,1
2026-06-01 12:39:56,3033720,-0.305,28.40,117,1
2026-06-01 12:39:59,3036750,0.956,28.40,116,1
2026-06-01 12:40:03,3039780,0.893,28.40,117,1
2026-06-01 12:40:06,3042810,0.998,28.40,117,1
2026-06-01 12:40:09,3045840,1.439,28.40,117,1
2026-06-01 12:40:12,3048870,0.179,28.40,118,1
2026-06-01 12:40:15,3051900,1.313,28.40,118,1
2026-06-01 12:40:18,3054930,0.116,28.40,118,1
2026-06-01 12:40:21,3057960,0.053,28.40,118,1
2026-06-01 12:40:24,3060990,0.347,28.40,120,1
2026-06-01 12:40:27,3064020,0.641,28.40,119,1
2026-06-01 12:40:30,3067050,1.124,28.40,119,1
2026-06-01 12:40:33,3070080,0.578,28.40,118,1
2026-06-01 12:40:36,3073110,0.914,28.40,118,1
2026-06-01 12:40:39,3076140,0.305,28.40,118,1
2026-06-01 12:40:42,3079170,-0.431,28.40,118,1
2026-06-01 12:40:45,3082200,-0.557,28.40,118,1
2026-06-01 12:40:48,3085230,-0.074,28.40,118,1
2026-06-01 12:40:51,3088260,0.998,28.40,117,1
2026-06-01 12:40:54,3091290,0.998,28.40,117,1
2026-06-01 12:40:57,3094320,0.011,28.40,118,1
2026-06-01 12:41:00,3097350,-0.179,28.40,117,1
2026-06-01 12:41:03,3100380,1.439,28.40,117,1
2026-06-01 12:41:06,3103410,1.061,28.40,117,1
2026-06-01 12:41:09,3106440,0.368,28.40,118,1
2026-06-01 12:41:12,3109470,0.200,28.40,118,1
2026-06-01 12:41:15,3112500,-0.052,28.40,118,1
2026-06-01 12:41:18,3115530,0.704,28.40,118,1
2026-06-01 12:41:21,3118560,0.704,28.41,118,1
2026-06-01 12:41:24,3121590,0.599,28.40,118,1
2026-06-01 12:41:27,3124620,0.641,28.41,118,1
2026-06-01 12:41:30,3127650,0.011,28.40,118,1
2026-06-01 12:41:33,3130680,1.376,28.41,117,1
2026-06-01 12:41:36,3133710,0.914,28.40,118,1
2026-06-01 12:41:39,3136740,0.557,28.41,117,1
2026-06-01 12:41:43,3139770,0.053,28.40,118,1
2026-06-01 12:41:46,3142800,-0.263,28.41,118,1
2026-06-01 12:41:49,3145830,0.683,28.41,118,1
2026-06-01 12:41:52,3148860,-0.431,28.40,119,1
2026-06-01 12:41:55,3151890,-0.326,28.41,118,1
2026-06-01 12:41:58,3154920,-0.242,28.41,118,1
2026-06-01 12:42:01,3157950,-0.116,28.41,118,1
2026-06-01 12:42:04,3160980,0.074,28.41,118,1
2026-06-01 12:42:07,3164010,1.082,28.41,118,1
2026-06-01 12:42:10,3167040,0.116,28.41,118,1
2026-06-01 12:42:13,3170070,0.536,28.41,117,1
2026-06-01 12:42:16,3173100,0.893,28.41,118,1
2026-06-01 12:42:19,3176130,0.116,28.41,118,1
2026-06-01 12:42:22,3179160,0.746,28.41,118,1
2026-06-01 12:42:25,3182190,1.145,28.41,118,1
2026-06-01 12:42:28,3185220,0.494,28.41,117,1
2026-06-01 12:42:31,3188250,0.011,28.41,118,1
2026-06-01 12:42:34,3191280,0.893,28.41,117,1
2026-06-01 12:42:37,3194310,0.095,28.41,118,1
2026-06-01 12:42:40,3197340,0.536,28.41,117,1
2026-06-01 12:42:43,3200370,-0.473,28.41,118,1
2026-06-01 12:42:46,3203400,0.452,28.42,118,1
2026-06-01 12:42:49,3206430,1.229,28.41,118,1
2026-06-01 12:42:52,3209460,0.935,28.41,117,1
2026-06-01 12:42:55,3212490,0.326,28.41,118,1
2026-06-01 12:42:58,3215520,0.284,28.41,118,1
2026-06-01 12:43:01,3218550,1.061,28.41,118,1
2026-06-01 12:43:04,3221580,0.620,28.41,118,1
2026-06-01 12:43:07,3224610,1.670,28.42,117,1
2026-06-01 12:43:10,3227640,0.998,28.41,118,1
2026-06-01 12:43:13,3230670,-0.599,28.41,118,1
2026-06-01 12:43:16,3233700,0.263,28.41,118,1
2026-06-01 12:43:19,3236730,-0.158,28.42,118,1
2026-06-01 12:43:22,3239760,0.725,28.42,117,1
2026-06-01 12:43:26,3242790,1.271,28.42,118,1
2026-06-01 12:43:29,3245820,0.578,28.41,118,1
2026-06-01 12:43:32,3248850,0.788,28.41,117,1
2026-06-01 12:43:35,3251880,1.061,28.41,118,1
2026-06-01 12:43:38,3254910,1.082,28.42,118,1
2026-06-01 12:43:41,3257940,0.557,28.41,117,1
2026-06-01 12:43:44,3260970,0.515,28.42,117,1
2026-06-01 12:43:47,3264000,0.326,28.42,117,1
2026-06-01 12:43:50,3267030,0.473,28.42,117,1
2026-06-01 12:43:53,3270060,0.683,28.42,118,1
2026-06-01 12:43:56,3273090,-0.031,28.42,114,1
2026-06-01 12:43:59,3276120,1.586,28.42,115,1
2026-06-01 12:44:02,3279150,-0.095,28.42,117,1
2026-06-01 12:44:05,3282180,0.158,28.42,117,1
2026-06-01 12:44:08,3285210,0.305,28.42,117,1
2026-06-01 12:44:11,3288240,0.410,28.42,118,1
2026-06-01 12:44:14,3291270,0.914,28.42,118,1
2026-06-01 12:44:17,3294300,1.397,28.42,117,1
2026-06-01 12:44:20,3297330,0.263,28.42,118,1
2026-06-01 12:44:23,3300360,1.670,28.42,118,1
2026-06-01 12:44:26,3303390,0.893,28.42,118,1
2026-06-01 12:44:29,3306420,0.956,28.42,118,1
2026-06-01 12:44:32,3309450,0.179,28.42,118,1
2026-06-01 12:44:35,3312480,0.998,28.42,118,1
2026-06-01 12:44:38,3315510,0.956,28.42,117,1
2026-06-01 12:44:41,3318540,0.620,28.43,117,1
2026-06-01 12:44:44,3321570,0.305,28.42,117,1
2026-06-01 12:44:47,3324600,0.620,28.43,119,1
2026-06-01 12:44:50,3327630,0.599,28.42,117,1
2026-06-01 12:44:53,3330660,0.515,28.43,116,1
2026-06-01 12:44:56,3333690,1.691,28.43,117,1
2026-06-01 12:44:59,3336720,0.158,28.42,117,1
2026-06-01 12:45:02,3339750,0.179,28.43,117,1
2026-06-01 12:45:06,3342780,0.200,28.43,119,1
2026-06-01 12:45:09,3345810,0.389,28.43,117,1
2026-06-01 12:45:12,3348840,1.271,28.43,118,1
2026-06-01 12:45:15,3351870,-0.158,28.43,118,1
2026-06-01 12:45:18,3354900,0.431,28.43,117,1
2026-06-01 12:45:21,3357930,0.809,28.43,117,1
2026-06-01 12:45:24,3360960,0.284,28.43,117,1
2026-06-01 12:45:27,3363990,0.788,28.43,117,1
2026-06-01 12:45:30,3367020,0.620,28.43,118,1
2026-06-01 12:45:33,3370050,0.977,28.43,118,1
2026-06-01 12:45:36,3373080,0.074,28.43,119,1
2026-06-01 12:45:39,3376110,0.410,28.44,118,1
2026-06-01 12:45:42,3379140,-0.200,28.43,117,1
2026-06-01 12:45:45,3382170,0.221,28.44,118,1
2026-06-01 12:45:48,3385200,0.452,28.44,117,1
2026-06-01 12:45:51,3388230,0.599,28.44,117,1
2026-06-01 12:45:54,3391260,0.977,28.44,119,1
2026-06-01 12:45:57,3394290,1.145,28.44,116,1
2026-06-01 12:46:00,3397320,0.704,28.44,117,1
2026-06-01 12:46:03,3400350,0.326,28.44,118,1
2026-06-01 12:46:06,3403380,0.347,28.44,117,1
2026-06-01 12:46:09,3406410,0.179,28.45,115,1
2026-06-01 12:46:12,3409440,0.137,28.45,126,17
2026-06-01 12:46:15,3412470,0.473,28.45,118,1
2026-06-01 12:46:18,3415500,0.368,28.47,118,1
2026-06-01 12:46:21,3418530,0.158,28.51,120,1
2026-06-01 12:46:24,3421560,0.977,28.53,119,1
2026-06-01 12:46:27,3424590,0.830,28.53,117,1
2026-06-01 12:46:30,3427620,1.019,28.53,117,1
2026-06-01 12:46:33,3430650,0.515,28.53,118,1
2026-06-01 12:46:36,3433680,0.620,28.54,120,1
2026-06-01 12:46:39,3436710,0.788,28.54,121,1
2026-06-01 12:46:42,3439740,1.082,28.53,116,1
2026-06-01 12:46:46,3442770,0.494,28.54,117,1
2026-06-01 12:46:49,3445800,-0.158,28.54,118,1
2026-06-01 12:46:52,3448830,0.788,28.53,118,1
2026-06-01 12:46:55,3451860,0.158,28.54,118,1
2026-06-01 12:46:58,3454890,0.767,28.54,118,1
2026-06-01 12:47:01,3457920,0.452,28.53,119,1
2026-06-01 12:47:04,3460950,0.515,28.53,119,1
2026-06-01 12:47:07,3463980,0.725,28.53,118,1
2026-06-01 12:47:10,3467010,0.683,28.53,119,1
2026-06-01 12:47:13,3470040,0.494,28.54,119,1
2026-06-01 12:47:16,3473070,1.040,28.53,119,1
2026-06-01 12:47:19,3476100,0.914,28.53,117,1
2026-06-01 12:47:22,3479130,0.431,28.53,118,1
2026-06-01 12:47:25,3482160,0.914,28.53,119,1
2026-06-01 12:47:28,3485190,0.473,28.53,118,1
2026-06-01 12:47:31,3488220,1.271,28.53,119,1
2026-06-01 12:47:34,3491250,0.956,28.54,118,1
2026-06-01 12:47:37,3494280,0.410,28.54,120,1
2026-06-01 12:47:40,3497310,0.893,28.54,119,1
2026-06-01 12:47:43,3500340,0.494,28.54,119,1
2026-06-01 12:47:46,3503370,0.053,28.54,118,1
2026-06-01 12:47:49,3506400,1.502,28.54,118,1
2026-06-01 12:47:52,3509430,0.452,28.54,118,1
2026-06-01 12:47:55,3512460,-0.515,28.54,117,1
2026-06-01 12:47:58,3515490,0.809,28.54,118,1
2026-06-01 12:48:01,3518520,1.145,28.54,118,1
2026-06-01 12:48:04,3521550,0.179,28.54,119,1
2026-06-01 12:48:07,3524580,0.767,28.54,118,1
2026-06-01 12:48:10,3527610,0.053,28.55,118,1
2026-06-01 12:48:13,3530640,0.578,28.55,119,1
2026-06-01 12:48:16,3533670,-0.010,28.54,120,1
2026-06-01 12:48:19,3536700,1.103,28.55,118,1
2026-06-01 12:48:22,3539730,0.620,28.55,118,1
2026-06-01 12:48:25,3542760,0.767,28.55,118,1
2026-06-01 12:48:29,3545790,0.200,28.55,118,1
2026-06-01 12:48:32,3548820,0.494,28.55,120,1
2026-06-01 12:48:35,3551850,0.977,28.55,119,1
2026-06-01 12:48:38,3554880,0.536,28.55,118,1
2026-06-01 12:48:41,3557910,0.746,28.55,118,1
2026-06-01 12:48:44,3560940,0.599,28.56,118,1
2026-06-01 12:48:47,3563970,0.263,28.55,118,1
2026-06-01 12:48:50,3567000,-0.158,28.55,119,1
2026-06-01 12:48:53,3570030,0.179,28.55,118,1
2026-06-01 12:48:56,3573060,0.872,28.56,119,1
2026-06-01 12:48:59,3576090,0.053,28.55,118,1
2026-06-01 12:49:02,3579120,0.494,28.55,118,1
2026-06-01 12:49:05,3582150,0.998,28.55,117,1
2026-06-01 12:49:08,3585180,0.158,28.55,117,1
2026-06-01 12:49:11,3588210,0.998,28.55,118,1
2026-06-01 12:49:14,3591240,1.481,28.55,118,1
2026-06-01 12:49:17,3594270,0.515,28.55,120,1
2026-06-01 12:49:20,3597300,0.515,28.55,120,1
2026-06-01 12:49:23,3600330,0.893,28.55,119,1
2026-06-01 12:49:26,3603360,0.410,28.55,118,1
2026-06-01 12:49:29,3606390,1.397,28.55,119,1
2026-06-01 12:49:32,3609420,0.095,28.55,118,1
2026-06-01 12:49:35,3612450,0.956,28.55,118,1
2026-06-01 12:49:38,3615480,0.326,28.55,117,1
2026-06-01 12:49:41,3618510,0.032,28.55,120,1
2026-06-01 12:49:44,3621540,0.893,28.55,119,1
2026-06-01 12:49:47,3624570,1.439,28.55,118,1
2026-06-01 12:49:50,3627600,0.809,28.55,116,1
2026-06-01 12:49:53,3630630,-0.242,28.55,118,1
2026-06-01 12:49:56,3633660,0.725,28.55,117,1
2026-06-01 12:49:59,3636690,-0.263,28.55,119,1
2026-06-01 12:50:02,3639720,1.040,28.55,120,1
2026-06-01 12:50:05,3642750,0.536,28.55,119,1
2026-06-01 12:50:09,3645780,0.746,28.55,119,1
2026-06-01 12:50:12,3648810,1.334,28.55,119,1
2026-06-01 12:50:15,3651840,0.536,28.55,118,1
2026-06-01 12:50:18,3654870,0.851,28.56,118,1
2026-06-01 12:50:21,3657900,0.515,28.55,119,1
2026-06-01 12:50:24,3660930,-0.052,28.56,118,1
2026-06-01 12:50:27,3663960,-0.536,28.55,119,1
2026-06-01 12:50:30,3666990,0.746,28.56,118,1
2026-06-01 12:50:33,3670020,0.095,28.56,118,1
2026-06-01 12:50:36,3673050,-0.116,28.56,118,1
2026-06-01 12:50:39,3676080,0.851,28.56,118,1
2026-06-01 12:50:42,3679110,0.158,28.56,118,1
2026-06-01 12:50:45,3682140,0.893,28.56,116,1
2026-06-01 12:50:48,3685170,-0.095,28.56,118,1
2026-06-01 12:50:51,3688200,-0.031,28.55,120,1
2026-06-01 12:50:54,3691230,0.095,28.56,120,1
2026-06-01 12:50:57,3694260,0.494,28.56,119,1
2026-06-01 12:51:00,3697290,0.242,28.56,118,1
2026-06-01 12:51:03,3700320,0.662,28.56,119,1
2026-06-01 12:51:06,3703350,0.620,28.56,118,1
2026-06-01 12:51:09,3706380,0.221,28.56,118,1
2026-06-01 12:51:12,3709410,0.158,28.56,117,1
2026-06-01 12:51:15,3712440,0.956,28.56,119,1
2026-06-01 12:51:18,3715470,-0.179,28.56,119,1
2026-06-01 12:51:21,3718500,0.620,28.56,119,1
2026-06-01 12:51:24,3721530,0.956,28.56,117,1
2026-06-01 12:51:27,3724560,-0.347,28.56,119,1
2026-06-01 12:51:30,3727590,0.263,28.56,118,1
2026-06-01 12:51:33,3730620,0.851,28.56,118,1
2026-06-01 12:51:36,3733650,-0.473,28.56,118,1
2026-06-01 12:51:39,3736680,0.557,28.56,119,1
2026-06-01 12:51:42,3739710,0.536,28.56,118,1
2026-06-01 12:51:45,3742740,-0.095,28.56,118,1
2026-06-01 12:51:49,3745770,0.179,28.56,118,1
2026-06-01 12:51:52,3748800,-0.263,28.56,116,1
2026-06-01 12:51:55,3751830,0.137,28.56,118,1
2026-06-01 12:51:58,3754860,0.179,28.56,118,1
2026-06-01 12:52:01,3757890,-0.052,28.56,116,1
2026-06-01 12:52:04,3760920,0.872,28.56,116,1
2026-06-01 12:52:07,3763950,1.040,28.56,117,1
2026-06-01 12:52:10,3766980,1.040,28.56,118,1
2026-06-01 12:52:13,3770010,1.355,28.56,118,1
2026-06-01 12:52:16,3773040,-0.158,28.56,118,1
2026-06-01 12:52:19,3776070,0.746,28.56,117,1
2026-06-01 12:52:22,3779100,1.145,28.56,119,1
2026-06-01 12:52:25,3782130,1.376,28.56,118,1
2026-06-01 12:52:28,3785160,1.040,28.56,117,1
2026-06-01 12:52:31,3788190,0.158,28.56,120,1
2026-06-01 12:52:34,3791220,0.536,28.56,117,1
2026-06-01 12:52:37,3794250,0.872,28.56,118,1
2026-06-01 12:52:40,3797280,0.179,28.56,118,1
2026-06-01 12:52:43,3800310,0.242,28.56,117,1
2026-06-01 12:52:46,3803340,0.557,28.57,118,1
2026-06-01 12:52:49,3806370,1.250,28.56,116,1
2026-06-01 12:52:52,3809400,0.599,28.56,118,1
2026-06-01 12:52:55,3812430,1.355,28.56,118,1
2026-06-01 12:52:58,3815460,0.263,28.56,117,1
2026-06-01 12:53:01,3818490,-0.031,28.56,118,1
2026-06-01 12:53:04,3821520,-0.620,28.56,118,1
2026-06-01 12:53:07,3824550,0.179,28.57,118,1
2026-06-01 12:53:10,3827580,0.137,28.56,118,1
2026-06-01 12:53:13,3830610,0.914,28.56,118,1
2026-06-01 12:53:16,3833640,0.347,28.56,118,1
2026-06-01 12:53:19,3836670,1.313,28.56,118,1
2026-06-01 12:53:22,3839700,0.977,28.56,118,1
2026-06-01 12:53:25,3842730,0.158,28.56,118,1
2026-06-01 12:53:28,3845760,0.368,28.56,118,1
2026-06-01 12:53:32,3848790,-0.515,28.56,117,1
2026-06-01 12:53:35,3851820,0.536,28.57,118,1
2026-06-01 12:53:38,3854850,1.229,28.56,118,1
2026-06-01 12:53:41,3857880,0.599,28.56,117,1
2026-06-01 12:53:44,3860910,1.208,28.56,118,1
2026-06-01 12:53:47,3863940,0.053,28.56,118,1
2026-06-01 12:53:50,3866970,-0.158,28.57,118,1
2026-06-01 12:53:53,3870000,0.557,28.56,117,1
2026-06-01 12:53:56,3873030,-0.031,28.57,118,1
2026-06-01 12:53:59,3876060,-0.158,28.56,118,1
2026-06-01 12:54:02,3879090,0.473,28.56,118,1
2026-06-01 12:54:05,3882120,0.494,28.57,118,1
2026-06-01 12:54:08,3885150,1.040,28.57,117,1
2026-06-01 12:54:11,3888180,0.368,28.57,117,1
2026-06-01 12:54:14,3891210,0.641,28.57,117,1
2026-06-01 12:54:17,3894240,-0.347,28.57,117,1
2026-06-01 12:54:20,3897270,-0.116,28.57,116,1
2026-06-01 12:54:23,3900300,0.347,28.57,117,1
2026-06-01 12:54:26,3903330,-0.052,28.57,116,1
2026-06-01 12:54:29,3906360,0.221,28.57,117,1
2026-06-01 12:54:32,3909390,0.977,28.57,118,1
2026-06-01 12:54:35,3912420,0.788,28.58,117,1
2026-06-01 12:54:38,3915450,0.179,28.57,117,1
2026-06-01 12:54:41,3918480,0.536,28.57,117,1
2026-06-01 12:54:44,3921510,0.242,28.58,117,1
2026-06-01 12:54:47,3924540,0.578,28.57,117,1
2026-06-01 12:54:50,3927570,0.095,28.58,117,1
2026-06-01 12:54:53,3930600,1.544,28.57,118,1
2026-06-01 12:54:56,3933630,0.809,28.57,117,1
2026-06-01 12:54:59,3936660,-0.557,28.58,117,1
2026-06-01 12:55:02,3939690,-0.010,28.58,117,1
2026-06-01 12:55:05,3942720,-0.578,28.57,118,1
2026-06-01 12:55:08,3945750,-0.031,28.58,117,1
2026-06-01 12:55:12,3948780,-0.242,28.58,117,1
2026-06-01 12:55:15,3951810,0.389,28.58,117,1
2026-06-01 12:55:18,3954840,1.250,28.57,118,1
2026-06-01 12:55:21,3957870,0.998,28.57,117,1
2026-06-01 12:55:24,3960900,0.662,28.58,117,1
2026-06-01 12:55:27,3963930,-0.137,28.58,117,1
2026-06-01 12:55:30,3966960,0.158,28.58,117,1
2026-06-01 12:55:33,3969990,1.124,28.58,117,1
2026-06-01 12:55:36,3973020,-0.137,28.58,118,1
2026-06-01 12:55:39,3976050,0.137,28.58,118,1
2026-06-01 12:55:42,3979080,0.956,28.58,118,1
2026-06-01 12:55:45,3982110,0.683,28.58,118,1
2026-06-01 12:55:48,3985140,0.095,28.58,119,1
2026-06-01 12:55:51,3988170,0.137,28.58,118,1
2026-06-01 12:55:54,3991200,0.914,28.58,118,1
2026-06-01 12:55:57,3994230,0.557,28.58,118,1
2026-06-01 12:56:00,3997260,0.515,28.58,118,1
2026-06-01 12:56:03,4000290,0.263,28.58,119,1
2026-06-01 12:56:06,4003320,0.557,28.58,118,1
2026-06-01 12:56:09,4006350,0.158,28.58,118,1
2026-06-01 12:56:12,4009380,0.914,28.58,119,1
2026-06-01 12:56:15,4012410,0.200,28.58,118,1
2026-06-01 12:56:18,4015440,1.145,28.58,118,1
2026-06-01 12:56:21,4018470,0.767,28.58,119,1
2026-06-01 12:56:24,4021500,0.305,28.58,117,1
2026-06-01 12:56:27,4024530,0.851,28.58,119,1
2026-06-01 12:56:30,4027560,0.515,28.58,118,1
2026-06-01 12:56:33,4030590,-0.242,28.58,119,1
2026-06-01 12:56:36,4033620,1.124,28.58,118,1
2026-06-01 12:56:39,4036650,0.326,28.58,118,1
2026-06-01 12:56:42,4039680,0.641,28.59,119,1
2026-06-01 12:56:45,4042710,0.536,28.58,117,1
2026-06-01 12:56:48,4045740,0.704,28.59,118,1
2026-06-01 12:56:52,4048770,0.704,28.59,118,1
2026-06-01 12:56:55,4051800,0.431,28.59,117,1
2026-06-01 12:56:58,4054830,0.095,28.59,118,1
2026-06-01 12:57:01,4057860,-0.116,28.58,117,1
2026-06-01 12:57:04,4060890,0.284,28.59,117,1
2026-06-01 12:57:07,4063920,1.523,28.59,118,1
2026-06-01 12:57:10,4066950,0.389,28.59,118,1
2026-06-01 12:57:13,4069980,0.452,28.59,118,1
2026-06-01 12:57:16,4073010,0.221,28.59,117,1
2026-06-01 12:57:19,4076040,0.431,28.59,118,1
2026-06-01 12:57:22,4079070,1.271,28.59,118,1
2026-06-01 12:57:25,4082100,0.788,28.59,117,1
2026-06-01 12:57:28,4085130,1.271,28.59,118,1
2026-06-01 12:57:31,4088160,0.389,28.59,117,1
2026-06-01 12:57:34,4091190,-0.116,28.59,118,1
2026-06-01 12:57:37,4094220,0.389,28.60,118,1
2026-06-01 12:57:40,4097250,0.515,28.59,118,1
2026-06-01 12:57:43,4100280,0.998,28.60,118,1
2026-06-01 12:57:46,4103310,-0.179,28.59,117,1
2026-06-01 12:57:49,4106340,0.872,28.59,117,1
2026-06-01 12:57:52,4109370,0.284,28.59,118,1
2026-06-01 12:57:55,4112400,0.284,28.59,117,1
2026-06-01 12:57:58,4115430,0.431,28.59,118,1
2026-06-01 12:58:01,4118460,0.599,28.59,117,1
2026-06-01 12:58:04,4121490,0.032,28.59,118,1
2026-06-01 12:58:07,4124520,1.481,28.59,118,1
2026-06-01 12:58:10,4127550,-0.368,28.59,118,1
2026-06-01 12:58:13,4130580,0.116,28.59,118,1
2026-06-01 12:58:16,4133610,0.767,28.59,117,1
2026-06-01 12:58:19,4136640,1.481,28.59,117,1
2026-06-01 12:58:22,4139670,0.872,28.59,117,1
2026-06-01 12:58:25,4142700,0.746,28.59,117,1
2026-06-01 12:58:28,4145730,0.116,28.59,117,1
2026-06-01 12:58:31,4148760,0.725,28.59,117,1
2026-06-01 12:58:35,4151790,1.313,28.60,117,1
2026-06-01 12:58:38,4154820,0.410,28.59,116,1
2026-06-01 12:58:41,4157850,-0.263,28.60,117,1
2026-06-01 12:58:44,4160880,0.284,28.59,118,1
2026-06-01 12:58:47,4163910,0.431,28.59,118,1
2026-06-01 12:58:50,4166940,0.200,28.60,116,1
2026-06-01 12:58:53,4169970,-0.536,28.59,117,1
2026-06-01 12:58:56,4173000,0.242,28.59,118,1
2026-06-01 12:58:59,4176030,-0.368,28.59,117,1
2026-06-01 12:59:02,4179060,0.074,28.60,117,1
2026-06-01 12:59:05,4182090,-0.074,28.60,117,1
2026-06-01 12:59:08,4185120,0.557,28.60,118,1
2026-06-01 12:59:11,4188150,-0.557,28.60,117,1
2026-06-01 12:59:14,4191180,0.326,28.60,118,1
2026-06-01 12:59:17,4194210,0.179,28.60,117,1
2026-06-01 12:59:20,4197240,0.515,28.60,117,1
2026-06-01 12:59:23,4200270,0.914,28.60,117,1
2026-06-01 12:59:26,4203300,0.683,28.60,117,1
2026-06-01 12:59:29,4206330,0.368,28.60,117,1
2026-06-01 12:59:32,4209360,0.641,28.60,117,1
2026-06-01 12:59:35,4212390,0.200,28.60,118,1
2026-06-01 12:59:38,4215420,0.263,28.59,118,1
2026-06-01 12:59:41,4218450,1.166,28.60,118,1
2026-06-01 12:59:44,4221480,0.179,28.60,118,1
2026-06-01 12:59:47,4224510,1.313,28.60,118,1
2026-06-01 12:59:50,4227540,0.515,28.60,118,1
2026-06-01 12:59:53,4230570,-0.074,28.60,117,1
2026-06-01 12:59:56,4233600,-0.788,28.60,118,1
2026-06-01 12:59:59,4236630,0.305,28.59,119,1
2026-06-01 13:00:02,4239660,0.893,28.60,118,1
2026-06-01 13:00:05,4242690,0.557,28.60,118,1
2026-06-01 13:00:08,4245720,1.250,28.60,118,1
2026-06-01 13:00:11,4248750,0.893,28.59,118,1
2026-06-01 13:00:15,4251780,0.515,28.60,118,1
2026-06-01 13:00:18,4254810,0.452,28.60,117,1
2026-06-01 13:00:21,4257840,-0.137,28.60,118,1
2026-06-01 13:00:24,4260870,-0.284,28.60,118,1
2026-06-01 13:00:27,4263900,-0.347,28.60,118,1
2026-06-01 13:00:30,4266930,0.158,28.60,118,1
2026-06-01 13:00:33,4269960,0.536,28.60,118,1
2026-06-01 13:00:36,4272990,0.389,28.60,118,1
2026-06-01 13:00:39,4276020,0.578,28.60,118,1
2026-06-01 13:00:42,4279050,0.557,28.60,118,1
2026-06-01 13:00:45,4282080,0.179,28.60,118,1
2026-06-01 13:00:48,4285110,0.389,28.60,118,1
2026-06-01 13:00:51,4288140,0.431,28.60,118,1
2026-06-01 13:00:54,4291170,0.851,28.60,118,1
2026-06-01 13:00:57,4294200,-0.284,28.60,118,1
2026-06-01 13:01:00,4297230,0.074,28.60,118,1
2026-06-01 13:01:03,4300260,0.284,28.60,119,1
2026-06-01 13:01:06,4303290,1.040,28.60,119,1
2026-06-01 13:01:09,4306320,0.704,28.60,118,1
2026-06-01 13:01:12,4309350,0.851,28.60,118,1
2026-06-01 13:01:15,4312380,0.851,28.60,118,1
2026-06-01 13:01:18,4315410,0.200,28.60,118,1
2026-06-01 13:01:21,4318440,0.200,28.60,118,1
2026-06-01 13:01:24,4321470,0.431,28.60,117,1
2026-06-01 13:01:27,4324500,0.893,28.60,118,1
2026-06-01 13:01:30,4327530,0.095,28.60,118,1
2026-06-01 13:01:33,4330560,0.557,28.60,118,1
2026-06-01 13:01:36,4333590,1.754,28.60,117,1
2026-06-01 13:01:39,4336620,0.284,28.60,118,1
2026-06-01 13:01:42,4339650,0.368,28.60,118,1
2026-06-01 13:01:45,4342680,0.515,28.60,118,1
2026-06-01 13:01:48,4345710,0.977,28.60,118,1
2026-06-01 13:01:51,4348740,0.662,28.60,118,1
2026-06-01 13:01:55,4351770,0.326,28.61,119,1
2026-06-01 13:01:58,4354800,0.368,28.61,118,1
2026-06-01 13:02:01,4357830,0.347,28.60,117,1
2026-06-01 13:02:04,4360860,0.809,28.60,118,1
2026-06-01 13:02:07,4363890,-0.599,28.60,118,1
2026-06-01 13:02:10,4366920,0.620,28.60,117,1
2026-06-01 13:02:13,4369950,-0.515,28.61,118,1
2026-06-01 13:02:16,4372980,0.641,28.61,117,1
2026-06-01 13:02:19,4376010,1.040,28.60,117,1
2026-06-01 13:02:22,4379040,0.557,28.60,117,1
2026-06-01 13:02:25,4382070,1.397,28.61,118,1
2026-06-01 13:02:28,4385100,0.746,28.61,117,1
2026-06-01 13:02:31,4388130,1.229,28.60,118,1
2026-06-01 13:02:34,4391160,0.347,28.60,118,1
2026-06-01 13:02:37,4394190,1.481,28.60,117,1
2026-06-01 13:02:40,4397220,0.137,28.61,117,1
2026-06-01 13:02:43,4400250,0.935,28.60,117,1
2026-06-01 13:02:46,4403280,0.683,28.61,117,1
2026-06-01 13:02:49,4406310,0.935,28.61,117,1
2026-06-01 13:02:52,4409340,0.662,28.61,117,1
2026-06-01 13:02:55,4412370,0.935,28.61,117,1
2026-06-01 13:02:58,4415400,0.746,28.61,118,1
2026-06-01 13:03:01,4418430,0.809,28.61,117,1
2026-06-01 13:03:04,4421460,0.851,28.61,117,1
2026-06-01 13:03:07,4424490,1.019,28.61,117,1
2026-06-01 13:03:10,4427520,0.473,28.61,118,1
2026-06-01 13:03:13,4430550,0.326,28.61,117,1
2026-06-01 13:03:16,4433580,0.137,28.61,117,1
2026-06-01 13:03:19,4436610,-0.347,28.61,117,1
2026-06-01 13:03:22,4439640,1.418,28.61,117,1
2026-06-01 13:03:25,4442670,0.662,28.61,117,1
2026-06-01 13:03:28,4445700,0.326,28.61,117,1
2026-06-01 13:03:31,4448730,1.082,28.61,117,1
2026-06-01 13:03:34,4451760,0.284,28.61,118,1
2026-06-01 13:03:38,4454790,1.082,28.61,118,1
2026-06-01 13:03:41,4457820,0.053,28.61,118,1
2026-06-01 13:03:44,4460850,-0.200,28.61,118,1
2026-06-01 13:03:47,4463880,-0.158,28.61,117,1
2026-06-01 13:03:50,4466910,0.179,28.61,117,1
2026-06-01 13:03:53,4469940,0.956,28.61,118,1
2026-06-01 13:03:56,4472970,0.263,28.61,118,1
2026-06-01 13:03:59,4476000,0.347,28.61,118,1
2026-06-01 13:04:02,4479030,-0.305,28.61,118,1
2026-06-01 13:04:05,4482060,-0.284,28.61,118,1
2026-06-01 13:04:08,4485090,0.137,28.61,117,1
2026-06-01 13:04:11,4488120,-0.137,28.61,118,1
2026-06-01 13:04:14,4491150,-0.536,28.61,118,1
2026-06-01 13:04:17,4494180,-0.052,28.62,118,1
2026-06-01 13:04:20,4497210,0.431,28.61,117,1
2026-06-01 13:04:23,4500240,1.019,28.61,118,1
2026-06-01 13:04:26,4503270,-0.074,28.61,118,1
2026-06-01 13:04:29,4506300,0.032,28.61,118,1
2026-06-01 13:04:32,4509330,0.494,28.61,117,1
2026-06-01 13:04:35,4512360,-0.305,28.61,117,1
2026-06-01 13:04:38,4515390,1.775,28.61,118,1
2026-06-01 13:04:41,4518420,0.011,28.61,118,1
2026-06-01 13:04:44,4521450,0.746,28.61,118,1
2026-06-01 13:04:47,4524480,0.683,28.61,118,1
2026-06-01 13:04:50,4527510,-0.010,28.61,118,1
2026-06-01 13:04:53,4530540,0.620,28.61,118,1
2026-06-01 13:04:56,4533570,1.103,28.61,118,1
2026-06-01 13:04:59,4536600,0.662,28.61,117,1
2026-06-01 13:05:02,4539630,0.599,28.61,118,1
2026-06-01 13:05:05,4542660,0.242,28.61,117,1
2026-06-01 13:05:08,4545690,-0.031,28.61,118,1
2026-06-01 13:05:11,4548720,-0.010,28.61,118,1
2026-06-01 13:05:14,4551750,0.305,28.62,118,1
2026-06-01 13:05:18,4554780,0.242,28.61,118,1
2026-06-01 13:05:21,4557810,0.662,28.61,118,1
2026-06-01 13:05:24,4560840,0.284,28.61,118,1
2026-06-01 13:05:27,4563870,0.011,28.61,118,1
2026-06-01 13:05:30,4566900,0.662,28.61,117,1
2026-06-01 13:05:33,4569930,0.116,28.61,117,1
2026-06-01 13:05:36,4572960,0.914,28.62,118,1
2026-06-01 13:05:39,4575990,1.943,28.62,117,1
2026-06-01 13:05:42,4579020,-0.536,28.62,118,1
2026-06-01 13:05:45,4582050,0.872,28.63,119,1
2026-06-01 13:05:48,4585080,0.935,28.63,119,1
2026-06-01 13:05:51,4588110,0.011,28.64,118,1
2026-06-01 13:05:54,4591140,0.011,28.63,118,1
2026-06-01 13:05:57,4594170,0.620,28.64,118,1
2026-06-01 13:06:00,4597200,0.767,28.64,118,1
2026-06-01 13:06:03,4600230,0.284,28.64,118,1
2026-06-01 13:06:06,4603260,0.116,28.64,117,1
2026-06-01 13:06:09,4606290,-0.010,28.65,117,1
2026-06-01 13:06:12,4609320,1.103,28.65,118,1
2026-06-01 13:06:15,4612350,-0.326,28.65,118,1
2026-06-01 13:06:18,4615380,0.305,28.65,118,1
2026-06-01 13:06:21,4618410,-0.074,28.66,117,1
2026-06-01 13:06:24,4621440,0.431,28.65,117,1
2026-06-01 13:06:27,4624470,0.074,28.66,118,1
2026-06-01 13:06:30,4627500,1.061,28.66,118,1
